checking_status,duration,credit_history,purpose,credit_amount,savings_status,employment,installment_commitment,personal_status,other_parties,residence_since,property_magnitude,age,other_payment_plans,housing,existing_credits,job,num_dependents,own_telephone,foreign_worker,class
A11,18,A32,A410,3739,A61,A74,3,A91,A101,4,A123,40,A143,A153,3,A171,1,A192,A201,2
A12,20,A31,A46,832,A61,A73,4,A93,A101,2,A123,34,A141,A153,4,A174,2,A191,A201,2
A14,22,A30,A42,1791,A61,A75,2,A94,A101,4,A123,38,A143,A152,1,A173,1,A191,A201,2
A13,17,A34,A44,5068,A62,A75,2,A93,A102,4,A122,34,A143,A153,1,A172,1,A191,A201,1
A11,46,A33,A42,3796,A65,A75,2,A92,A101,2,A122,19,A143,A152,1,A174,1,A192,A201,1
A12,60,A30,A49,2951,A61,A75,2,A91,A102,4,A121,66,A141,A153,2,A173,1,A191,A201,1
A12,20,A33,A40,4914,A65,A74,2,A93,A101,1,A121,27,A142,A152,1,A173,1,A192,A201,1
A14,19,A34,A40,1292,A63,A71,4,A92,A101,2,A121,53,A143,A153,1,A174,1,A192,A201,1
A12,25,A30,A45,2946,A62,A73,4,A93,A101,4,A123,43,A143,A152,3,A172,1,A191,A201,1
A14,18,A32,A45,2967,A64,A75,2,A92,A101,2,A123,43,A142,A152,2,A172,1,A191,A201,1
A12,56,A31,A48,5034,A61,A71,4,A93,A101,2,A121,36,A143,A153,3,A173,1,A191,A201,2
A14,14,A34,A43,2139,A62,A73,1,A93,A102,4,A124,27,A143,A152,1,A173,1,A191,A202,2
A14,21,A32,A45,4392,A62,A73,2,A93,A101,2,A121,34,A142,A152,1,A173,1,A191,A201,2
A12,26,A33,A40,3520,A61,A73,2,A93,A101,3,A124,63,A141,A152,3,A173,2,A192,A201,1
A14,26,A31,A49,13418,A62,A75,2,A93,A101,2,A124,27,A143,A152,1,A173,1,A192,A201,1
A12,18,A34,A43,5006,A62,A75,2,A92,A101,2,A124,33,A143,A153,1,A173,1,A191,A201,1
A14,17,A34,A46,2369,A63,A75,4,A93,A101,3,A123,42,A143,A152,2,A173,1,A192,A201,1
A11,20,A33,A43,2130,A63,A72,1,A93,A101,4,A124,26,A143,A152,1,A172,1,A191,A201,1
A12,10,A30,A41,4188,A61,A72,2,A92,A101,4,A121,62,A143,A152,2,A172,1,A191,A201,1
A12,37,A33,A49,18424,A65,A75,1,A92,A101,4,A123,33,A142,A152,1,A173,1,A192,A201,1
A12,13,A32,A43,6763,A61,A75,2,A91,A101,4,A124,34,A141,A152,3,A173,1,A192,A201,2
A11,15,A30,A410,1087,A63,A75,2,A94,A103,4,A123,41,A142,A152,3,A172,1,A191,A202,1
A12,38,A31,A42,5103,A61,A75,3,A93,A101,2,A124,67,A142,A152,3,A171,1,A191,A201,1
A14,19,A32,A43,14562,A63,A71,2,A93,A101,4,A123,41,A141,A152,1,A173,1,A191,A201,1
A11,20,A31,A42,2315,A65,A74,2,A92,A101,4,A122,25,A143,A153,3,A173,2,A191,A202,1
A12,22,A32,A43,3033,A61,A73,4,A91,A103,2,A124,41,A143,A152,3,A174,1,A191,A201,2
A14,20,A34,A44,2520,A61,A73,2,A91,A101,3,A123,39,A143,A152,1,A173,1,A191,A201,1
A14,24,A32,A43,823,A62,A73,4,A92,A101,2,A123,36,A143,A151,2,A173,1,A192,A201,1
A14,25,A34,A41,3162,A64,A74,1,A92,A103,3,A121,34,A143,A151,4,A173,1,A191,A201,2
A14,25,A31,A42,1746,A64,A75,3,A92,A101,4,A123,32,A143,A152,1,A172,1,A192,A201,1
A12,22,A34,A410,4684,A61,A75,4,A92,A101,3,A124,51,A142,A152,1,A173,1,A192,A201,1
A14,22,A32,A42,2712,A61,A72,4,A94,A101,2,A121,31,A143,A151,1,A173,1,A191,A201,2
A14,12,A33,A44,2521,A65,A71,4,A91,A101,4,A124,34,A143,A152,1,A173,2,A191,A202,1
A14,40,A33,A42,2782,A65,A73,1,A92,A101,1,A124,41,A142,A151,4,A172,1,A192,A201,1
A12,22,A30,A40,3524,A61,A72,2,A93,A101,3,A122,34,A143,A151,4,A172,2,A191,A202,1
A14,17,A34,A44,3880,A61,A73,4,A94,A101,3,A124,62,A143,A151,1,A173,1,A191,A201,2
A12,17,A32,A43,2759,A61,A73,2,A92,A101,3,A124,48,A143,A151,1,A173,1,A191,A202,1
A12,17,A33,A43,2313,A62,A74,2,A92,A101,4,A124,45,A142,A153,1,A173,1,A191,A202,2
A13,11,A33,A40,3394,A63,A75,3,A92,A101,4,A123,43,A143,A152,2,A173,1,A191,A202,1
A12,23,A33,A48,15058,A61,A72,3,A93,A101,4,A123,30,A142,A152,1,A172,1,A192,A201,1
A11,17,A32,A410,2831,A64,A75,2,A93,A101,1,A122,36,A143,A152,3,A173,1,A191,A201,1
A12,19,A31,A45,4616,A65,A71,4,A93,A102,2,A123,30,A141,A152,1,A173,1,A191,A201,1
A12,16,A32,A43,5162,A64,A75,4,A93,A102,2,A123,32,A143,A152,1,A172,1,A192,A201,2
A11,20,A33,A49,11323,A65,A71,1,A94,A101,4,A121,38,A141,A152,1,A173,2,A191,A202,2
A12,72,A34,A48,2740,A61,A75,4,A93,A101,4,A123,46,A143,A152,4,A173,1,A191,A201,2
A14,16,A34,A43,2756,A63,A75,4,A93,A102,3,A124,56,A143,A152,3,A172,1,A191,A201,2
A12,55,A34,A42,2175,A63,A73,2,A91,A101,2,A124,30,A143,A153,2,A172,2,A191,A201,1
A14,13,A32,A43,4941,A61,A71,4,A92,A102,4,A122,62,A143,A152,1,A173,1,A192,A202,1
A12,38,A34,A45,3796,A61,A75,4,A92,A101,2,A124,56,A143,A153,1,A171,1,A191,A202,1
A14,20,A34,A43,5928,A65,A73,2,A91,A101,2,A124,42,A141,A152,1,A173,1,A191,A201,2
A13,42,A34,A43,2226,A65,A74,1,A92,A101,2,A123,31,A143,A151,2,A174,1,A191,A201,1
A14,22,A30,A42,338,A65,A74,4,A94,A103,1,A123,63,A143,A151,1,A173,2,A192,A201,1
A13,25,A34,A410,454,A64,A71,3,A94,A101,4,A123,51,A141,A152,2,A171,1,A192,A202,2
A12,5,A34,A41,3240,A61,A75,3,A92,A101,4,A122,31,A142,A152,2,A173,1,A191,A201,1
A11,15,A31,A48,2622,A65,A72,3,A93,A101,4,A122,22,A143,A152,1,A173,2,A191,A201,1
A12,18,A32,A410,9741,A62,A72,3,A94,A101,1,A122,44,A141,A153,1,A174,1,A191,A201,1
A11,20,A33,A45,8892,A61,A73,3,A93,A101,3,A123,28,A143,A153,3,A172,1,A191,A201,2
A14,25,A34,A41,3189,A61,A74,1,A93,A101,3,A123,65,A143,A152,1,A173,1,A192,A201,2
A13,25,A32,A410,4497,A63,A73,4,A93,A101,4,A124,26,A143,A152,1,A172,1,A191,A201,2
A14,19,A31,A44,3445,A61,A72,2,A93,A101,3,A121,41,A141,A152,1,A173,1,A191,A201,1
A11,20,A32,A41,1893,A63,A73,2,A93,A101,4,A122,30,A143,A153,2,A174,1,A192,A201,2
A12,19,A33,A43,1426,A61,A73,4,A93,A101,4,A124,58,A141,A153,2,A171,1,A192,A201,1
A11,59,A32,A42,8709,A61,A74,2,A94,A101,2,A123,34,A143,A152,1,A171,1,A192,A201,1
A14,24,A32,A40,4564,A61,A72,1,A91,A101,3,A124,33,A143,A153,2,A174,1,A191,A201,2
A13,13,A32,A49,2708,A62,A73,4,A94,A101,2,A121,30,A143,A152,1,A173,1,A191,A201,2
A11,15,A33,A49,4900,A61,A75,3,A92,A103,2,A124,49,A141,A152,1,A173,2,A192,A202,1
A11,27,A34,A48,3190,A61,A75,4,A92,A103,3,A124,27,A143,A152,3,A172,1,A191,A201,2
A12,45,A34,A45,4758,A63,A71,2,A93,A101,1,A123,45,A141,A152,1,A172,1,A191,A201,2
A13,27,A34,A40,2442,A61,A74,3,A93,A101,4,A123,31,A142,A151,2,A173,1,A191,A201,1
A13,9,A32,A44,2410,A63,A73,2,A93,A101,2,A121,56,A143,A152,1,A174,1,A191,A202,1
A14,14,A34,A410,9132,A65,A75,1,A93,A101,2,A121,35,A143,A152,3,A173,1,A192,A201,1
A14,22,A32,A410,1881,A61,A71,1,A91,A101,4,A121,27,A143,A152,1,A171,1,A191,A202,2
A12,19,A33,A45,4812,A61,A72,4,A92,A101,4,A122,59,A142,A152,2,A174,1,A191,A201,1
A14,17,A32,A48,4136,A63,A73,1,A94,A101,4,A124,52,A143,A152,1,A172,1,A192,A201,2
A13,21,A32,A49,17228,A61,A75,4,A93,A102,4,A121,38,A143,A152,1,A173,1,A191,A201,1
A11,27,A34,A40,1450,A64,A75,1,A92,A101,4,A124,44,A143,A152,2,A173,1,A191,A201,1
A11,16,A34,A48,1777,A61,A74,1,A94,A101,4,A124,32,A142,A152,3,A172,1,A192,A201,2
A12,22,A30,A44,3501,A61,A74,2,A94,A101,2,A121,36,A143,A152,1,A171,1,A191,A201,2
A12,16,A34,A42,1013,A61,A74,4,A93,A101,2,A121,47,A143,A153,3,A174,1,A192,A201,2
A14,24,A34,A41,8491,A64,A75,4,A92,A101,3,A123,31,A141,A152,3,A173,1,A191,A201,1
A11,11,A34,A46,2537,A63,A75,2,A93,A101,4,A124,55,A143,A152,1,A172,1,A191,A201,1
A11,14,A33,A43,2049,A64,A75,4,A92,A101,4,A123,36,A142,A152,2,A173,1,A192,A202,1
A11,19,A34,A49,4281,A61,A75,2,A93,A101,4,A122,39,A143,A152,1,A173,1,A191,A201,1
A12,18,A32,A49,2398,A61,A71,1,A91,A102,3,A124,33,A143,A151,2,A173,1,A192,A201,1
A13,58,A33,A45,2066,A61,A75,4,A93,A102,3,A123,32,A142,A151,3,A174,1,A192,A201,1
A13,19,A31,A49,10754,A63,A75,1,A93,A101,2,A124,31,A141,A152,1,A172,1,A191,A201,1
A12,32,A31,A42,4348,A65,A74,4,A91,A101,3,A121,40,A142,A152,2,A171,1,A191,A201,1
A12,12,A34,A45,2303,A61,A75,2,A91,A101,4,A124,71,A143,A152,2,A171,1,A192,A201,1
A12,9,A34,A46,5717,A65,A71,4,A94,A103,3,A122,56,A143,A153,1,A173,1,A191,A201,2
A12,15,A34,A40,2752,A65,A71,4,A93,A101,4,A124,34,A143,A153,1,A173,1,A191,A201,1
A11,21,A33,A43,4842,A62,A72,2,A93,A103,4,A121,44,A143,A152,3,A174,1,A191,A201,2
A11,24,A34,A41,6479,A63,A75,4,A91,A101,4,A122,28,A143,A152,1,A172,1,A191,A201,1
A12,17,A34,A43,2881,A63,A74,4,A92,A102,3,A124,45,A143,A152,3,A174,1,A191,A201,1
A14,21,A30,A43,1347,A61,A75,1,A93,A101,4,A121,29,A141,A153,1,A171,1,A191,A201,1
A11,20,A32,A43,4485,A63,A74,4,A93,A101,4,A121,42,A143,A152,1,A173,1,A192,A201,1
A14,9,A31,A42,2679,A61,A71,4,A94,A101,3,A124,30,A142,A151,1,A172,1,A191,A202,2
A12,42,A32,A49,3686,A65,A75,3,A92,A101,4,A123,54,A142,A152,2,A173,2,A191,A201,1
A14,24,A31,A44,2970,A62,A73,2,A91,A101,2,A122,37,A143,A153,1,A173,1,A192,A202,2
A14,23,A32,A46,5626,A63,A73,1,A94,A101,4,A124,35,A141,A152,1,A171,2,A191,A201,2
A12,53,A33,A410,1966,A65,A71,4,A92,A103,4,A124,24,A143,A152,1,A173,1,A192,A202,1
A12,44,A30,A43,1416,A62,A73,3,A92,A102,4,A124,53,A141,A151,1,A171,1,A191,A201,1
A14,19,A34,A46,2472,A61,A75,3,A93,A101,2,A122,35,A143,A151,1,A173,1,A191,A201,1
A11,14,A34,A410,2342,A61,A72,2,A92,A101,2,A124,34,A143,A153,1,A174,1,A192,A202,2
A14,16,A33,A43,2604,A65,A73,3,A93,A101,2,A121,29,A141,A152,1,A172,2,A192,A201,1
A11,72,A34,A43,5796,A61,A75,4,A93,A101,2,A123,42,A143,A152,1,A173,1,A191,A201,1
A13,35,A30,A43,5194,A65,A75,4,A92,A103,3,A122,75,A142,A152,2,A173,1,A191,A201,2
A11,19,A31,A42,3534,A65,A75,3,A92,A101,4,A123,35,A141,A152,2,A174,1,A191,A201,1
A11,24,A32,A43,11047,A64,A75,4,A92,A101,2,A122,23,A143,A152,1,A174,2,A191,A201,2
A14,8,A32,A46,18424,A61,A75,3,A91,A101,4,A123,62,A143,A152,2,A171,1,A191,A201,2
A13,26,A32,A43,2702,A64,A72,4,A93,A101,4,A124,41,A141,A151,2,A173,1,A192,A201,1
A12,41,A34,A41,1314,A65,A75,3,A93,A102,4,A123,22,A143,A152,2,A171,1,A192,A201,1
A14,7,A34,A42,4819,A61,A73,1,A93,A101,4,A123,21,A143,A151,2,A172,1,A191,A201,1
A11,22,A34,A42,5407,A65,A73,4,A94,A101,3,A123,62,A143,A151,2,A172,1,A191,A201,1
A14,20,A32,A43,3138,A65,A71,1,A94,A101,4,A122,35,A143,A152,4,A171,1,A191,A201,2
A12,12,A32,A49,2671,A64,A73,2,A94,A101,3,A123,39,A143,A152,1,A171,2,A191,A201,1
A14,47,A32,A40,2671,A65,A74,2,A93,A101,4,A122,27,A141,A152,1,A173,1,A191,A201,1
A13,18,A34,A48,3289,A61,A73,3,A94,A101,4,A123,63,A141,A152,2,A173,1,A191,A201,1
A12,16,A32,A43,18424,A61,A73,4,A93,A101,3,A123,49,A143,A151,1,A174,2,A191,A201,1
A13,18,A34,A410,3959,A62,A75,2,A91,A101,2,A121,30,A143,A152,3,A173,1,A192,A201,1
A14,24,A32,A46,5697,A63,A73,2,A93,A101,4,A122,33,A143,A152,1,A172,1,A191,A201,1
A14,54,A34,A45,5958,A63,A75,4,A92,A101,4,A123,22,A141,A151,1,A171,1,A191,A201,1
A13,18,A32,A43,2799,A61,A74,4,A92,A101,4,A122,40,A143,A152,1,A173,2,A191,A201,2
A11,19,A33,A40,14923,A61,A75,4,A93,A101,2,A122,41,A143,A152,2,A173,2,A191,A201,1
A14,35,A32,A46,3020,A62,A72,4,A92,A101,2,A123,44,A142,A152,1,A172,1,A192,A201,2
A13,20,A32,A40,5584,A65,A74,4,A93,A101,4,A121,37,A141,A152,2,A171,1,A191,A201,2
A11,11,A32,A42,5531,A61,A71,3,A94,A103,2,A124,47,A143,A153,2,A173,1,A192,A201,1
A14,12,A32,A46,3074,A63,A74,3,A93,A101,2,A123,45,A142,A153,2,A172,1,A191,A201,2
A14,14,A32,A43,1167,A63,A73,1,A93,A101,4,A123,75,A143,A152,1,A173,1,A191,A201,1
A12,17,A34,A43,16207,A61,A72,4,A92,A101,1,A123,75,A143,A153,1,A172,2,A192,A201,1
A14,41,A33,A42,5774,A63,A74,2,A93,A103,4,A122,36,A141,A152,2,A171,1,A191,A201,1
A14,18,A34,A43,1800,A61,A73,2,A91,A103,4,A124,47,A141,A151,2,A173,1,A191,A201,2
A14,25,A32,A410,2456,A61,A73,1,A93,A101,3,A122,31,A141,A152,1,A171,1,A191,A201,1
A13,17,A30,A42,10507,A63,A73,2,A91,A101,2,A124,46,A141,A153,1,A174,1,A192,A201,1
A13,17,A34,A40,1202,A65,A73,4,A93,A101,2,A121,40,A143,A152,4,A172,2,A191,A201,2
A14,9,A33,A43,3693,A61,A73,2,A92,A101,2,A122,51,A143,A152,4,A173,1,A191,A201,1
A11,16,A32,A49,11507,A61,A72,4,A93,A101,1,A123,75,A142,A152,4,A173,1,A191,A201,1
A14,25,A33,A40,4370,A61,A74,4,A94,A101,4,A123,28,A142,A151,1,A172,1,A192,A201,1
A12,16,A32,A44,5166,A61,A75,1,A91,A102,2,A121,38,A143,A152,4,A173,1,A192,A201,1
A13,61,A34,A40,2710,A61,A75,3,A92,A101,2,A122,40,A143,A151,2,A173,1,A192,A201,1
A14,14,A34,A46,2557,A61,A72,4,A93,A102,2,A123,39,A143,A152,2,A174,2,A191,A202,2
A14,18,A30,A42,2384,A61,A73,1,A91,A102,1,A121,43,A142,A153,4,A172,1,A192,A201,1
A14,9,A34,A45,8787,A61,A71,1,A92,A103,2,A123,38,A141,A152,1,A174,1,A191,A201,1
A12,17,A32,A45,5847,A65,A73,3,A92,A101,1,A123,26,A143,A151,2,A173,1,A191,A201,2
A11,26,A32,A45,4621,A65,A75,2,A94,A101,4,A124,27,A141,A153,1,A172,1,A192,A201,2
A13,19,A33,A41,9948,A63,A74,3,A93,A101,2,A124,32,A143,A152,2,A172,1,A191,A201,1
A14,14,A32,A49,2815,A65,A73,1,A93,A101,3,A123,26,A141,A152,1,A171,1,A191,A201,1
A12,42,A34,A40,18424,A61,A73,2,A93,A101,1,A124,31,A143,A153,1,A174,1,A191,A201,2
A13,14,A34,A44,3089,A61,A72,2,A91,A102,4,A123,49,A142,A152,3,A174,1,A191,A201,2
A13,26,A30,A40,4219,A61,A73,2,A91,A101,2,A122,34,A143,A152,2,A172,1,A192,A202,1
A12,20,A30,A49,9054,A61,A75,4,A91,A101,4,A123,29,A143,A151,1,A173,1,A192,A201,1
A12,38,A34,A44,18424,A61,A74,4,A94,A101,4,A122,26,A143,A153,2,A174,2,A191,A202,1
A14,7,A34,A410,1539,A65,A71,4,A94,A101,4,A122,49,A143,A152,3,A172,1,A192,A202,1
A14,18,A32,A40,1901,A64,A75,2,A92,A103,2,A123,29,A142,A153,1,A172,1,A191,A201,2
A14,15,A32,A43,1540,A61,A73,1,A92,A101,1,A122,29,A142,A152,1,A173,1,A191,A201,1
A11,22,A32,A49,3030,A61,A75,4,A94,A101,2,A124,44,A141,A152,1,A173,1,A192,A201,2
A13,14,A33,A46,2216,A61,A74,4,A92,A101,4,A124,42,A141,A152,1,A173,2,A192,A201,1
A12,23,A30,A46,4612,A61,A74,2,A92,A103,4,A122,21,A142,A153,1,A173,1,A191,A202,1
A14,22,A34,A43,2732,A61,A75,2,A92,A102,1,A121,23,A143,A152,1,A173,1,A192,A201,1
A13,45,A32,A410,5401,A65,A73,4,A91,A102,4,A123,50,A143,A152,1,A173,1,A191,A201,1
A12,20,A33,A45,1013,A61,A74,3,A93,A101,3,A123,41,A143,A153,3,A174,2,A191,A201,2
A11,24,A32,A41,3071,A61,A75,4,A92,A102,3,A123,34,A143,A152,3,A173,1,A192,A201,1
A11,13,A32,A44,541,A63,A72,4,A91,A103,3,A121,31,A143,A152,1,A173,1,A191,A201,2
A11,12,A32,A43,9249,A65,A73,4,A92,A101,2,A121,46,A141,A152,1,A172,1,A191,A201,2
A14,12,A30,A48,5768,A61,A74,3,A93,A101,4,A123,45,A143,A151,2,A174,1,A191,A201,1
A11,20,A34,A43,2066,A61,A75,2,A91,A101,2,A123,43,A143,A152,1,A174,1,A191,A201,1
A13,25,A32,A42,2047,A61,A75,4,A92,A101,4,A123,34,A143,A152,2,A171,1,A192,A201,1
A14,20,A34,A40,2366,A62,A75,3,A93,A101,2,A122,39,A143,A153,1,A173,1,A192,A201,2
A14,23,A34,A43,7457,A61,A74,4,A94,A101,2,A123,38,A143,A152,2,A172,1,A191,A201,2
A13,58,A34,A43,2216,A65,A72,3,A93,A103,2,A123,52,A141,A153,1,A173,1,A192,A201,2
A14,18,A34,A49,2762,A61,A75,4,A93,A101,4,A123,52,A142,A152,1,A174,1,A191,A201,2
A14,13,A34,A40,2774,A61,A72,4,A94,A101,1,A121,33,A143,A152,4,A173,1,A191,A201,2
A12,18,A34,A410,1515,A61,A74,4,A94,A101,2,A122,34,A141,A152,1,A174,2,A191,A201,1
A14,58,A34,A46,5275,A61,A71,2,A92,A101,2,A123,25,A143,A151,3,A173,1,A191,A201,2
A12,25,A34,A43,3132,A61,A71,4,A93,A101,4,A121,56,A143,A151,4,A173,1,A192,A201,2
A12,20,A33,A44,2047,A61,A74,3,A94,A101,2,A123,27,A143,A152,1,A171,1,A192,A201,1
A14,43,A32,A43,2336,A63,A74,3,A93,A103,2,A123,45,A142,A152,2,A174,1,A191,A201,2
A14,35,A33,A410,2452,A61,A73,4,A92,A101,2,A123,66,A143,A152,2,A174,1,A192,A201,1
A13,26,A32,A44,15410,A61,A74,4,A92,A102,2,A123,54,A143,A152,1,A171,1,A191,A202,1
A12,20,A32,A43,5279,A61,A73,4,A93,A101,1,A124,48,A143,A153,1,A173,2,A191,A201,1
A14,6,A34,A43,1485,A61,A72,3,A93,A103,4,A123,58,A142,A153,1,A174,1,A192,A201,1
A14,21,A34,A43,4150,A63,A73,4,A94,A101,1,A121,34,A143,A152,3,A171,1,A191,A201,1
A11,23,A32,A40,2340,A61,A75,3,A93,A101,2,A124,44,A141,A152,1,A173,1,A191,A201,1
A11,17,A32,A43,1939,A61,A72,2,A93,A101,4,A124,31,A143,A151,1,A173,1,A191,A201,1
A14,22,A34,A46,10475,A61,A72,1,A93,A101,2,A122,25,A143,A152,3,A173,1,A191,A201,1
A12,20,A32,A49,18424,A64,A74,4,A93,A101,4,A123,66,A142,A151,4,A172,1,A191,A201,1
A12,22,A31,A42,2209,A61,A75,1,A93,A101,4,A123,27,A143,A152,2,A172,1,A191,A201,2
A11,15,A32,A48,2314,A61,A73,1,A93,A101,2,A121,75,A142,A152,1,A172,1,A191,A201,1
A11,13,A34,A43,8448,A61,A74,4,A93,A101,1,A123,29,A143,A152,1,A172,2,A191,A201,2
A14,15,A34,A42,3641,A61,A75,2,A93,A102,2,A121,59,A142,A152,1,A173,1,A192,A201,1
A12,18,A32,A46,2212,A65,A75,4,A93,A101,2,A121,30,A143,A152,1,A173,1,A191,A201,1
A14,19,A31,A48,2228,A61,A73,2,A93,A103,2,A123,40,A143,A152,1,A173,1,A191,A201,1
A14,11,A33,A43,1719,A63,A73,2,A93,A101,2,A123,34,A143,A151,2,A173,1,A191,A201,2
A11,25,A32,A43,4499,A61,A72,3,A93,A101,4,A121,32,A141,A152,1,A172,2,A191,A201,1
A11,15,A33,A41,3545,A62,A75,4,A91,A101,3,A124,33,A143,A152,2,A171,1,A191,A201,2
A12,25,A33,A41,4399,A65,A73,2,A93,A103,2,A122,34,A143,A153,4,A171,2,A191,A201,1
A14,11,A33,A42,14389,A65,A72,3,A93,A101,2,A122,45,A143,A152,3,A173,1,A191,A201,2
A12,24,A34,A43,1697,A61,A73,2,A92,A101,2,A124,67,A142,A151,1,A174,1,A192,A201,1
A14,9,A33,A43,5167,A64,A74,1,A93,A101,2,A124,25,A143,A152,1,A173,1,A191,A202,2
A13,16,A32,A42,18160,A62,A72,4,A93,A101,4,A123,37,A143,A152,1,A173,1,A192,A201,1
A12,18,A34,A49,11020,A61,A74,4,A92,A103,2,A123,52,A143,A152,1,A173,1,A191,A201,1
A14,21,A34,A41,5215,A61,A71,3,A93,A101,4,A123,58,A141,A152,3,A172,1,A192,A201,2
A13,18,A32,A45,2556,A61,A71,4,A92,A101,2,A124,70,A143,A152,4,A174,1,A191,A201,1
A12,11,A31,A42,18424,A62,A73,3,A91,A101,4,A123,62,A143,A151,1,A174,2,A192,A201,1
A13,16,A34,A44,3950,A65,A74,4,A94,A102,4,A123,35,A142,A152,1,A173,1,A191,A201,1
A13,11,A34,A44,15710,A65,A74,2,A92,A101,4,A122,47,A143,A152,1,A171,1,A192,A201,1
A11,17,A34,A48,2922,A61,A75,2,A93,A101,4,A122,53,A142,A151,1,A174,1,A191,A201,1
A13,58,A34,A48,5231,A65,A72,2,A93,A101,2,A121,75,A143,A152,1,A173,1,A192,A201,1
A11,19,A32,A41,4134,A65,A75,4,A93,A101,4,A124,28,A141,A152,1,A174,1,A192,A201,2
A11,46,A34,A43,4064,A64,A73,2,A93,A101,2,A123,28,A143,A152,4,A172,1,A191,A201,1
A12,26,A34,A44,4241,A61,A73,2,A93,A101,2,A123,51,A142,A152,1,A172,1,A191,A201,1
A14,18,A34,A46,2865,A63,A72,4,A92,A101,4,A123,32,A143,A152,1,A173,1,A191,A201,1
A14,18,A32,A42,4921,A61,A75,1,A93,A101,2,A124,29,A143,A153,1,A171,1,A192,A201,1
A14,24,A33,A43,3853,A61,A74,4,A93,A103,2,A123,40,A141,A152,1,A171,1,A192,A202,1
A12,21,A32,A40,3566,A61,A75,2,A93,A101,2,A124,35,A142,A152,1,A171,1,A191,A201,1
A11,24,A32,A45,2474,A62,A71,1,A92,A101,4,A122,38,A142,A152,2,A171,1,A192,A201,1
A14,18,A33,A41,6551,A61,A73,3,A93,A103,4,A124,33,A143,A152,3,A173,2,A192,A201,1
A12,22,A34,A43,11813,A64,A72,2,A92,A101,1,A123,39,A143,A152,1,A173,1,A192,A201,2
A14,21,A34,A46,2675,A65,A74,1,A92,A101,4,A122,43,A142,A152,3,A173,1,A191,A201,1
A11,13,A34,A44,5896,A62,A73,4,A92,A103,3,A121,24,A143,A153,1,A173,1,A191,A201,1
A13,19,A34,A42,3055,A65,A73,2,A93,A101,2,A124,24,A142,A152,3,A173,1,A192,A201,2
A14,17,A32,A45,4189,A61,A74,1,A92,A101,4,A123,42,A143,A153,1,A173,1,A191,A201,2
A11,70,A32,A45,8554,A61,A72,4,A91,A101,2,A121,33,A143,A153,3,A172,1,A191,A202,2
A14,13,A32,A41,2525,A63,A75,4,A92,A101,4,A121,44,A143,A152,3,A173,1,A192,A201,2
A11,17,A31,A45,4980,A65,A74,3,A93,A101,4,A124,33,A143,A153,2,A173,2,A192,A201,2
A12,17,A32,A44,5863,A61,A72,3,A94,A102,4,A123,27,A141,A152,2,A173,1,A191,A201,1
A13,14,A34,A41,2605,A65,A72,2,A94,A101,2,A123,20,A143,A151,1,A173,1,A191,A201,2
A14,26,A32,A46,5281,A61,A72,4,A93,A101,2,A123,48,A141,A152,1,A172,1,A191,A202,2
A13,5,A34,A42,2553,A64,A73,2,A93,A101,4,A123,36,A141,A153,1,A171,1,A191,A201,1
A11,40,A34,A40,2018,A63,A73,2,A92,A101,2,A122,32,A143,A151,1,A173,1,A191,A201,1
A12,34,A32,A49,2521,A61,A75,4,A94,A101,3,A124,29,A141,A152,4,A173,1,A191,A201,1
A14,20,A33,A49,1739,A65,A73,4,A93,A101,4,A121,75,A143,A152,3,A173,1,A192,A201,2
A11,15,A32,A44,5475,A61,A73,3,A92,A102,4,A121,23,A143,A152,1,A173,2,A191,A201,1
A11,25,A33,A410,6364,A61,A73,3,A93,A103,3,A123,40,A142,A151,2,A173,2,A191,A202,1
A14,17,A34,A410,2819,A64,A71,2,A92,A101,2,A123,24,A143,A152,3,A174,1,A191,A202,1
A13,24,A33,A46,5181,A61,A75,1,A93,A102,1,A121,27,A143,A151,2,A173,1,A191,A201,2
A14,16,A30,A46,2226,A61,A73,1,A92,A101,3,A124,62,A143,A153,1,A174,1,A192,A201,2
A12,24,A30,A45,2964,A62,A74,2,A92,A101,2,A123,50,A142,A152,1,A173,1,A192,A201,1
A14,20,A34,A46,4742,A62,A74,4,A92,A101,2,A123,75,A143,A151,1,A171,1,A191,A201,1
A12,11,A34,A42,4806,A63,A73,2,A92,A102,2,A123,31,A143,A152,3,A173,1,A192,A201,1
A12,20,A34,A42,2475,A61,A74,4,A91,A101,3,A123,33,A143,A152,1,A171,1,A192,A201,2
A12,16,A32,A45,18424,A61,A71,3,A94,A103,2,A123,31,A142,A152,3,A173,1,A191,A201,1
A12,19,A32,A48,2814,A65,A73,4,A93,A101,2,A123,37,A143,A152,1,A173,1,A191,A201,2
A12,10,A34,A42,1910,A61,A73,4,A91,A101,4,A123,59,A143,A151,1,A173,1,A192,A201,1
A14,13,A31,A45,1793,A61,A75,1,A93,A101,4,A121,35,A141,A152,2,A171,1,A191,A201,2
A14,15,A32,A46,5508,A61,A74,4,A94,A103,3,A124,29,A143,A152,4,A174,1,A191,A201,1
A13,25,A34,A40,2726,A63,A75,1,A93,A101,2,A124,51,A143,A151,1,A174,2,A191,A201,1
A11,25,A34,A46,16823,A63,A71,4,A91,A103,2,A121,52,A143,A151,1,A173,1,A192,A201,1
A13,59,A34,A43,5266,A65,A73,4,A93,A101,4,A124,30,A142,A151,1,A174,1,A192,A201,2
A11,23,A30,A43,10659,A65,A74,4,A93,A103,4,A123,67,A141,A152,1,A172,1,A191,A201,2
A12,26,A32,A40,2664,A61,A74,3,A92,A101,2,A123,37,A143,A152,1,A173,2,A191,A201,1
A12,26,A32,A43,2151,A61,A75,4,A92,A101,2,A121,36,A143,A153,1,A173,1,A192,A201,1
A12,26,A34,A40,1340,A65,A74,3,A92,A101,3,A123,25,A143,A152,1,A171,1,A191,A201,2
A14,39,A32,A43,5559,A62,A71,3,A93,A101,4,A123,34,A143,A152,1,A171,1,A191,A201,2
A14,29,A34,A43,3898,A61,A75,4,A92,A101,3,A124,31,A142,A152,3,A172,1,A191,A202,1
A12,39,A33,A44,4944,A61,A74,4,A93,A101,3,A121,35,A143,A153,2,A174,1,A191,A201,1
A12,15,A34,A45,5435,A61,A71,4,A94,A101,4,A121,32,A143,A152,2,A173,1,A192,A202,1
A12,56,A34,A42,1963,A63,A72,2,A93,A101,4,A123,25,A143,A152,2,A172,1,A192,A202,1
A13,17,A32,A43,3213,A61,A74,1,A93,A101,2,A121,43,A142,A152,1,A172,1,A191,A201,1
A12,18,A32,A410,4327,A63,A73,2,A92,A101,4,A122,22,A141,A151,1,A173,1,A191,A202,2
A14,24,A32,A43,3878,A61,A73,4,A93,A101,4,A124,34,A143,A152,1,A171,1,A192,A201,1
A14,18,A34,A43,7442,A61,A73,4,A93,A101,4,A122,28,A143,A153,3,A173,1,A191,A201,1
A13,26,A32,A46,3170,A64,A75,1,A93,A101,1,A124,47,A142,A153,3,A172,2,A191,A202,1
A14,72,A32,A44,12339,A64,A75,2,A93,A101,2,A124,32,A143,A151,2,A172,1,A191,A201,1
A13,22,A34,A41,6071,A61,A75,2,A92,A101,2,A124,34,A143,A153,3,A171,1,A192,A201,1
A12,22,A30,A46,11590,A61,A74,3,A93,A101,3,A124,45,A141,A151,4,A172,1,A191,A201,1
A14,18,A32,A43,13453,A61,A73,2,A93,A101,2,A123,35,A142,A153,2,A173,1,A191,A201,1
A12,26,A32,A42,2321,A61,A74,4,A92,A101,2,A123,30,A141,A153,2,A173,1,A192,A201,1
A12,15,A32,A410,8218,A63,A72,4,A92,A103,1,A123,43,A143,A153,1,A174,1,A192,A201,1
A14,14,A34,A45,1460,A61,A73,3,A93,A101,2,A124,34,A143,A152,1,A172,1,A191,A201,1
A11,43,A34,A40,2099,A64,A73,3,A93,A101,2,A123,35,A143,A152,1,A173,2,A191,A201,2
A13,24,A32,A46,1232,A64,A74,1,A93,A101,2,A121,52,A142,A152,1,A172,1,A192,A201,2
A13,16,A33,A48,7746,A61,A74,4,A93,A101,4,A124,27,A143,A151,1,A173,1,A192,A201,2
A14,17,A34,A45,7376,A62,A73,4,A93,A101,3,A124,34,A141,A152,1,A172,1,A191,A201,1
A12,66,A34,A40,2302,A61,A75,3,A93,A102,4,A123,40,A141,A152,2,A173,1,A191,A201,1
A13,39,A33,A45,1157,A64,A72,2,A94,A101,1,A121,22,A142,A152,4,A173,2,A191,A201,1
A14,22,A30,A42,11013,A65,A71,2,A93,A101,4,A122,24,A141,A153,4,A173,2,A191,A202,2
A11,24,A33,A46,2751,A63,A72,4,A93,A101,4,A122,74,A143,A152,3,A171,1,A192,A201,1
A11,47,A34,A40,2938,A61,A75,4,A93,A101,1,A122,37,A141,A153,2,A174,1,A191,A201,1
A14,43,A31,A43,1611,A65,A73,2,A92,A103,1,A121,47,A142,A152,1,A174,1,A191,A201,2
A12,72,A30,A410,5284,A61,A73,4,A91,A103,4,A123,41,A143,A153,4,A172,1,A192,A201,1
A14,24,A34,A41,2470,A61,A73,2,A91,A102,4,A121,46,A143,A151,1,A173,1,A191,A201,1
A13,40,A34,A48,18424,A61,A74,4,A92,A101,4,A124,34,A143,A152,1,A173,1,A191,A201,1
A14,26,A34,A46,1934,A61,A75,4,A93,A102,4,A123,28,A143,A152,3,A173,1,A192,A202,2
A12,37,A32,A40,18230,A65,A73,2,A94,A101,3,A121,37,A141,A152,4,A174,1,A192,A201,1
A14,24,A32,A49,9073,A65,A74,4,A92,A101,3,A123,37,A141,A152,2,A173,2,A192,A201,1
A11,15,A30,A42,2228,A62,A73,2,A93,A101,4,A123,33,A143,A152,2,A173,1,A191,A201,1
A14,13,A32,A44,4573,A65,A73,2,A94,A102,2,A121,47,A143,A153,1,A173,1,A192,A201,1
A12,22,A33,A42,2743,A65,A71,1,A92,A101,2,A123,32,A141,A151,2,A174,1,A192,A201,1
A12,22,A32,A44,5536,A63,A72,4,A92,A101,4,A123,61,A143,A152,1,A173,1,A191,A201,1
A11,21,A31,A410,1356,A65,A73,2,A93,A101,1,A121,75,A143,A151,2,A174,2,A191,A201,2
A11,22,A33,A43,1803,A64,A75,1,A93,A101,1,A121,32,A141,A152,1,A171,1,A191,A201,2
A13,21,A32,A43,6365,A61,A73,2,A92,A101,4,A123,43,A142,A153,1,A172,1,A191,A202,1
A12,22,A32,A43,3940,A61,A75,4,A92,A101,3,A123,44,A141,A151,1,A173,2,A191,A201,2
A14,15,A34,A44,18424,A65,A73,3,A93,A101,2,A123,46,A141,A153,1,A174,1,A192,A202,2
A12,21,A32,A41,1553,A65,A73,4,A93,A103,1,A124,30,A143,A153,1,A171,1,A191,A202,2
A14,21,A33,A49,3146,A61,A73,2,A93,A101,2,A123,37,A143,A152,1,A173,2,A191,A201,1
A14,56,A32,A40,1557,A61,A75,4,A93,A101,3,A121,52,A143,A152,3,A174,1,A192,A202,1
A11,17,A32,A45,4989,A64,A73,4,A93,A103,2,A124,60,A142,A152,1,A171,1,A191,A201,2
A12,22,A33,A49,2595,A61,A73,4,A92,A103,4,A123,25,A143,A152,3,A174,1,A191,A201,1
A13,14,A32,A42,12957,A61,A73,4,A93,A103,2,A124,34,A143,A152,2,A173,1,A191,A202,1
A13,26,A31,A41,2439,A61,A75,2,A92,A101,2,A123,30,A141,A153,2,A173,1,A191,A201,1
A14,7,A34,A42,16382,A61,A73,1,A93,A101,4,A123,33,A142,A152,4,A173,1,A191,A202,1
A14,13,A34,A42,2351,A63,A75,2,A93,A101,2,A123,41,A143,A152,4,A172,1,A191,A201,2
A11,23,A34,A49,6783,A61,A73,1,A92,A101,4,A121,75,A143,A152,3,A174,2,A191,A202,1
A12,25,A34,A40,3100,A61,A72,3,A93,A101,4,A123,29,A142,A153,2,A173,1,A191,A201,1
A11,21,A32,A40,18424,A61,A75,4,A93,A101,1,A123,28,A141,A152,1,A173,1,A191,A201,1
A14,22,A34,A45,12147,A61,A75,4,A93,A101,2,A124,37,A143,A151,1,A174,1,A191,A201,1
A14,16,A34,A40,4769,A63,A73,3,A93,A102,2,A123,58,A143,A152,3,A173,1,A192,A201,1
A12,39,A34,A42,4963,A61,A73,4,A92,A102,2,A123,51,A143,A152,2,A173,2,A192,A201,1
A14,24,A32,A41,4792,A61,A73,3,A93,A101,4,A123,33,A143,A151,2,A172,1,A192,A201,1
A12,44,A32,A410,6530,A61,A75,3,A92,A103,3,A122,42,A143,A153,3,A171,1,A192,A201,2
A12,24,A34,A43,4393,A65,A74,1,A92,A103,4,A124,37,A141,A152,1,A173,1,A191,A201,1
A12,25,A34,A42,6306,A61,A73,1,A93,A101,4,A124,74,A143,A153,1,A173,1,A191,A201,2
A11,24,A34,A40,1034,A62,A74,1,A93,A103,2,A123,29,A143,A153,1,A174,1,A192,A201,1
A12,17,A31,A43,1298,A65,A75,2,A93,A101,4,A121,43,A143,A152,1,A173,1,A191,A201,1
A12,16,A33,A49,2122,A65,A73,2,A92,A101,3,A124,26,A143,A152,4,A174,1,A192,A201,1
A11,15,A34,A46,4139,A61,A73,4,A93,A101,3,A122,33,A141,A152,3,A173,1,A191,A202,1
A14,41,A34,A49,1735,A61,A72,4,A93,A101,4,A124,38,A143,A152,1,A173,1,A191,A201,1
A12,15,A32,A43,2539,A61,A74,3,A94,A101,3,A122,33,A143,A152,2,A174,2,A192,A201,2
A14,25,A31,A45,3894,A61,A73,2,A93,A101,2,A123,34,A143,A152,3,A172,1,A191,A201,1
A14,18,A33,A410,11067,A64,A73,1,A93,A101,4,A124,31,A142,A151,1,A173,1,A192,A201,1
A11,11,A32,A43,2450,A61,A73,2,A93,A101,4,A123,35,A141,A152,2,A173,1,A191,A201,1
A11,24,A32,A46,2797,A62,A73,2,A92,A101,4,A121,57,A141,A152,1,A173,2,A192,A201,1
A11,72,A32,A43,4638,A61,A73,3,A93,A101,4,A123,56,A143,A151,3,A173,1,A191,A201,2
A14,15,A32,A43,6971,A61,A75,4,A93,A103,4,A124,23,A143,A151,1,A173,1,A191,A201,1
A12,17,A34,A40,4940,A63,A71,1,A92,A101,4,A123,43,A141,A151,1,A174,1,A192,A201,1
A12,23,A34,A42,2138,A61,A71,1,A93,A101,2,A124,66,A143,A152,3,A173,1,A192,A201,1
A12,39,A33,A45,4138,A61,A72,3,A92,A101,3,A124,30,A143,A152,2,A173,2,A191,A201,2
A14,20,A34,A45,2435,A64,A73,4,A93,A103,2,A121,47,A143,A152,2,A174,1,A191,A201,1
A13,16,A33,A42,15542,A61,A73,4,A92,A101,2,A121,30,A141,A152,1,A172,1,A192,A202,2
A14,40,A34,A45,2957,A63,A71,2,A93,A101,2,A122,30,A143,A153,4,A171,1,A192,A202,2
A14,56,A34,A49,5049,A61,A74,3,A92,A101,2,A121,35,A141,A152,1,A172,1,A191,A201,1
A14,60,A34,A46,2173,A62,A73,2,A92,A103,2,A122,31,A143,A152,1,A173,1,A191,A201,1
A13,16,A32,A40,3237,A61,A74,4,A94,A101,4,A124,37,A143,A152,1,A173,1,A192,A201,1
A12,22,A32,A40,2202,A61,A75,2,A93,A102,4,A123,29,A141,A152,2,A171,1,A191,A201,2
A12,24,A31,A45,4866,A61,A73,3,A91,A101,2,A121,30,A143,A152,2,A174,2,A191,A201,1
A13,16,A33,A41,6351,A61,A72,2,A93,A101,2,A124,42,A141,A152,1,A174,1,A191,A201,1
A14,13,A34,A43,1279,A61,A73,1,A92,A101,4,A123,33,A143,A152,3,A172,1,A192,A201,1
A12,14,A31,A40,2659,A61,A71,2,A92,A101,4,A123,46,A143,A152,1,A172,1,A191,A201,1
A12,19,A32,A49,2574,A61,A73,4,A91,A102,3,A123,63,A141,A152,3,A174,1,A191,A201,1
A12,22,A34,A46,2955,A61,A75,1,A93,A101,2,A123,21,A143,A152,1,A174,2,A192,A201,2
A11,17,A32,A42,2580,A61,A75,4,A93,A101,4,A123,36,A143,A152,3,A173,2,A191,A201,1
A11,24,A30,A40,5254,A65,A71,2,A92,A102,4,A122,31,A143,A151,1,A173,1,A192,A201,2
A11,18,A31,A42,2020,A61,A73,4,A93,A101,4,A121,40,A142,A153,3,A172,2,A192,A201,1
A14,21,A32,A40,4025,A61,A74,2,A91,A101,2,A123,34,A141,A151,3,A171,1,A191,A201,2
A13,19,A34,A41,1250,A65,A73,4,A93,A101,1,A123,57,A143,A152,3,A173,1,A191,A201,2
A14,22,A32,A43,1867,A61,A73,4,A93,A101,2,A123,29,A143,A151,4,A173,2,A192,A201,1
A14,35,A34,A43,2923,A61,A75,4,A93,A101,4,A121,34,A141,A152,1,A173,1,A192,A201,1
A11,17,A34,A41,18424,A63,A73,1,A94,A101,4,A124,31,A142,A152,3,A173,2,A192,A201,1
A14,10,A32,A41,18424,A64,A75,2,A93,A102,2,A121,75,A142,A151,2,A174,2,A191,A201,1
A14,24,A33,A43,1649,A65,A73,1,A92,A103,2,A122,64,A142,A152,2,A173,1,A192,A201,1
A12,23,A32,A40,3404,A61,A75,3,A93,A103,4,A123,32,A143,A152,1,A172,1,A191,A201,1
A13,21,A34,A44,2999,A63,A75,2,A91,A101,3,A124,41,A143,A153,1,A172,1,A191,A201,1
A11,14,A34,A43,2642,A65,A75,2,A92,A103,4,A121,41,A143,A152,1,A173,1,A192,A201,1
A13,10,A32,A43,3553,A61,A75,4,A92,A101,2,A124,35,A143,A152,2,A173,1,A191,A201,1
A11,22,A34,A46,1966,A61,A74,2,A92,A101,2,A123,34,A143,A153,3,A174,1,A191,A201,1
A13,22,A32,A43,608,A61,A74,3,A92,A101,4,A124,29,A143,A151,2,A173,1,A192,A201,1
A11,17,A34,A43,1516,A63,A74,4,A93,A101,2,A124,34,A143,A153,1,A171,1,A191,A201,2
A11,24,A34,A40,3059,A61,A72,2,A91,A101,2,A124,26,A142,A153,1,A174,1,A191,A201,2
A14,23,A32,A410,4363,A61,A73,3,A92,A101,2,A123,36,A143,A152,1,A173,1,A191,A201,1
A14,26,A34,A41,3708,A63,A75,4,A91,A101,2,A123,36,A143,A152,1,A173,1,A191,A201,1
A11,45,A33,A44,6494,A62,A72,4,A91,A101,4,A123,31,A143,A152,1,A173,1,A192,A201,2
A14,15,A33,A40,3069,A61,A73,3,A91,A101,1,A122,41,A142,A152,1,A172,1,A192,A201,1
A13,14,A34,A42,3462,A65,A71,3,A92,A101,4,A123,32,A143,A153,2,A174,1,A191,A201,1
A14,11,A32,A43,2936,A61,A75,2,A94,A101,1,A123,31,A143,A153,1,A173,1,A191,A201,1
A12,38,A30,A43,5097,A61,A72,4,A92,A102,3,A123,34,A143,A153,2,A174,1,A191,A201,1
A11,18,A33,A40,11792,A64,A74,1,A93,A103,1,A123,34,A143,A151,4,A173,1,A192,A201,1
A11,20,A34,A410,9201,A62,A73,4,A93,A101,2,A124,39,A142,A152,3,A174,2,A192,A201,1
A14,21,A31,A40,2546,A61,A73,2,A92,A103,1,A121,57,A143,A152,2,A174,1,A191,A201,2
A14,28,A31,A49,2621,A61,A75,1,A94,A101,2,A123,32,A143,A153,4,A173,1,A191,A201,1
A12,13,A33,A45,3252,A61,A74,1,A92,A103,2,A124,26,A143,A152,2,A172,1,A191,A202,2
A12,26,A33,A42,18424,A63,A73,4,A94,A102,3,A122,69,A141,A152,1,A174,1,A191,A201,1
A11,22,A34,A44,11780,A61,A71,2,A93,A101,4,A121,30,A143,A152,1,A173,1,A191,A201,2
A14,8,A31,A48,6089,A64,A73,3,A92,A101,3,A121,29,A143,A152,4,A173,1,A191,A202,2
A13,21,A31,A42,2894,A65,A73,4,A93,A102,4,A124,21,A143,A151,3,A174,1,A192,A201,2
A11,19,A32,A43,1400,A65,A72,2,A92,A102,1,A122,62,A143,A152,1,A172,1,A192,A202,2
A12,18,A31,A46,14534,A65,A71,3,A91,A101,4,A123,49,A141,A152,1,A171,1,A191,A201,2
A14,25,A30,A41,12314,A61,A73,2,A92,A101,3,A123,30,A143,A152,1,A172,2,A191,A201,1
A14,18,A34,A49,2854,A62,A73,2,A93,A101,3,A123,32,A143,A152,1,A173,1,A191,A201,1
A12,52,A31,A45,2892,A61,A72,4,A92,A101,4,A123,20,A143,A152,3,A172,1,A191,A201,1
A12,26,A34,A46,3071,A61,A73,3,A93,A101,4,A121,41,A143,A152,2,A174,2,A191,A201,1
A12,16,A30,A410,6302,A61,A74,4,A92,A101,2,A121,34,A142,A152,2,A174,2,A191,A202,2
A12,18,A33,A43,5064,A61,A74,3,A92,A101,4,A124,35,A143,A152,2,A173,1,A192,A201,1
A11,21,A34,A40,1740,A62,A75,4,A91,A101,4,A123,40,A143,A151,1,A173,2,A191,A201,1
A11,17,A32,A44,4821,A61,A74,4,A93,A103,3,A121,47,A143,A152,2,A171,1,A191,A201,1
A12,25,A32,A43,2756,A61,A74,1,A93,A101,2,A121,33,A141,A153,1,A174,1,A192,A201,2
A14,14,A34,A43,4147,A62,A75,4,A94,A103,4,A124,39,A141,A152,2,A173,1,A191,A201,1
A12,24,A32,A43,3419,A65,A74,4,A93,A101,4,A122,25,A143,A152,4,A173,1,A191,A201,2
A12,22,A34,A43,5711,A61,A75,3,A93,A101,4,A122,48,A143,A153,1,A172,1,A191,A201,2
A11,24,A32,A42,2753,A65,A74,4,A93,A101,4,A121,42,A141,A152,2,A173,1,A191,A201,1
A14,16,A32,A42,7850,A65,A73,3,A94,A101,2,A121,44,A142,A152,2,A174,2,A191,A201,1
A11,16,A31,A43,17900,A62,A74,1,A91,A101,1,A124,42,A143,A152,2,A174,1,A191,A201,1
A14,24,A34,A410,18424,A63,A71,2,A93,A101,4,A121,59,A141,A152,1,A172,2,A191,A201,2
A12,67,A32,A42,2656,A64,A71,4,A93,A101,4,A122,27,A143,A152,3,A173,2,A192,A201,2
A12,26,A33,A40,2967,A63,A75,3,A93,A101,1,A123,68,A142,A152,4,A173,1,A192,A201,2
A12,26,A32,A45,3318,A61,A74,2,A93,A103,4,A123,30,A143,A151,1,A173,1,A191,A201,2
A12,26,A32,A43,1773,A65,A71,3,A93,A102,4,A123,29,A142,A152,1,A171,1,A191,A201,1
A12,38,A33,A410,4063,A61,A73,1,A93,A101,3,A123,66,A143,A152,2,A173,1,A191,A201,2
A11,27,A34,A45,1057,A61,A75,4,A93,A101,2,A124,46,A143,A152,1,A173,1,A191,A201,1
A14,29,A30,A40,3309,A63,A71,4,A92,A101,4,A123,32,A141,A152,1,A173,1,A192,A201,1
A12,22,A34,A43,1325,A65,A74,1,A93,A103,2,A123,43,A143,A152,1,A174,1,A191,A201,2
A14,15,A34,A410,6030,A61,A75,1,A92,A101,2,A121,38,A141,A152,1,A174,1,A192,A201,1
A14,42,A34,A44,1319,A65,A74,4,A93,A102,2,A123,30,A143,A151,3,A174,1,A191,A201,1
A13,25,A32,A41,2764,A61,A72,2,A92,A101,2,A124,27,A143,A152,2,A172,1,A191,A201,2
A12,16,A34,A44,17598,A61,A72,2,A91,A103,4,A124,31,A143,A152,2,A172,1,A191,A201,1
A14,6,A34,A40,12621,A64,A75,4,A93,A101,4,A121,31,A142,A151,2,A173,1,A192,A201,2
A12,22,A30,A44,2235,A65,A75,1,A93,A102,2,A123,29,A143,A152,2,A173,1,A192,A202,1
A11,25,A32,A49,3855,A63,A73,3,A93,A102,4,A122,71,A142,A151,1,A172,2,A191,A201,1
A13,21,A32,A410,2871,A61,A73,3,A93,A101,2,A121,65,A143,A151,1,A173,1,A192,A201,1
A12,21,A33,A44,14380,A61,A73,3,A93,A101,2,A123,29,A143,A152,3,A171,1,A192,A201,1
A14,21,A34,A410,4978,A63,A74,3,A93,A101,2,A123,21,A143,A153,2,A172,1,A192,A201,1
A14,32,A34,A41,2290,A61,A71,4,A93,A101,3,A123,30,A142,A152,1,A171,1,A191,A201,1
A12,8,A33,A46,5829,A61,A73,2,A92,A102,2,A123,39,A142,A151,3,A174,1,A191,A201,2
A11,18,A33,A41,5509,A61,A72,2,A93,A101,2,A121,75,A143,A152,1,A173,1,A191,A201,1
A14,20,A34,A42,1692,A61,A74,4,A92,A103,1,A122,46,A143,A153,2,A171,2,A192,A201,1
A12,14,A34,A44,5293,A64,A74,2,A93,A101,1,A121,32,A143,A152,1,A174,1,A191,A201,1
A14,22,A34,A42,5512,A61,A75,4,A92,A101,2,A122,25,A143,A153,2,A173,2,A191,A201,2
A12,25,A32,A46,18424,A63,A75,4,A92,A103,3,A122,31,A143,A152,2,A173,1,A191,A201,2
A14,72,A34,A41,3126,A62,A75,1,A93,A101,2,A123,28,A143,A152,1,A174,1,A191,A201,1
A14,20,A34,A46,4796,A61,A75,4,A94,A101,3,A123,31,A142,A151,3,A172,1,A191,A201,1
A12,14,A34,A43,4755,A64,A75,4,A92,A101,2,A123,46,A141,A152,1,A172,1,A191,A201,1
A12,12,A32,A42,2266,A61,A75,4,A93,A101,4,A124,48,A141,A152,2,A173,1,A191,A201,1
A13,19,A32,A43,15514,A63,A73,1,A92,A101,3,A124,29,A143,A152,4,A172,1,A192,A201,1
A12,48,A30,A48,439,A61,A71,1,A93,A101,4,A123,39,A141,A152,3,A172,2,A192,A201,1
A12,20,A34,A41,3143,A61,A73,1,A94,A101,2,A123,72,A143,A152,2,A172,2,A191,A201,2
A12,16,A33,A43,8585,A65,A72,2,A93,A102,1,A123,33,A143,A152,4,A172,1,A191,A201,1
A14,27,A34,A49,2298,A61,A73,3,A93,A101,4,A122,24,A143,A152,1,A174,1,A191,A201,1
A14,20,A34,A41,4968,A64,A74,3,A92,A101,1,A124,63,A142,A152,1,A171,1,A192,A201,1
A14,35,A32,A49,18424,A62,A73,1,A93,A102,4,A121,66,A142,A151,1,A174,1,A191,A201,2
A14,22,A34,A43,5714,A61,A74,4,A92,A101,4,A124,24,A143,A152,1,A172,2,A192,A201,2
A12,39,A30,A40,17851,A62,A72,1,A93,A101,1,A124,49,A143,A152,4,A173,1,A191,A201,1
A12,24,A32,A46,4423,A61,A72,2,A91,A101,1,A123,43,A143,A153,3,A174,1,A192,A201,2
A12,12,A30,A43,5968,A61,A73,2,A92,A101,1,A124,27,A143,A153,1,A171,1,A192,A202,1
A11,25,A32,A410,1525,A65,A73,1,A94,A101,4,A123,41,A143,A151,1,A173,1,A191,A202,1
A12,17,A34,A48,15739,A62,A73,3,A92,A102,2,A123,26,A143,A151,1,A173,1,A191,A201,1
A14,20,A32,A40,4115,A65,A72,4,A92,A101,4,A123,31,A142,A153,1,A173,1,A191,A201,1
A14,27,A32,A49,18424,A63,A72,4,A92,A101,4,A121,22,A143,A152,3,A174,1,A192,A201,1
A12,26,A32,A46,1426,A63,A74,4,A93,A101,4,A123,27,A143,A153,1,A173,1,A191,A201,2
A12,22,A32,A46,4900,A61,A73,3,A93,A101,2,A124,33,A143,A152,2,A172,1,A191,A201,1
A12,38,A33,A49,2633,A65,A74,1,A92,A101,1,A124,47,A142,A151,1,A173,1,A191,A201,1
A11,25,A33,A410,3008,A64,A74,4,A92,A101,4,A121,27,A143,A152,2,A174,1,A191,A201,1
A12,56,A34,A48,2399,A61,A74,4,A91,A101,1,A123,37,A143,A151,1,A174,1,A191,A201,1
A12,41,A33,A45,11710,A61,A75,3,A92,A101,1,A124,36,A143,A152,4,A174,1,A192,A202,1
A12,24,A34,A45,5174,A65,A73,4,A94,A101,3,A121,53,A143,A152,3,A171,1,A192,A201,1
A14,23,A32,A43,1795,A63,A74,2,A92,A101,2,A123,53,A141,A152,1,A171,1,A192,A201,2
A11,45,A32,A49,1822,A64,A75,2,A93,A101,2,A123,29,A143,A151,2,A174,1,A191,A202,1
A12,27,A33,A41,8847,A63,A74,4,A91,A101,2,A124,39,A143,A152,1,A173,1,A192,A201,1
A13,14,A33,A43,2987,A61,A74,4,A92,A101,2,A123,29,A141,A152,2,A174,1,A191,A201,1
A14,21,A34,A49,2982,A65,A74,4,A93,A101,4,A122,50,A143,A153,1,A174,1,A191,A202,1
A12,11,A31,A43,4331,A64,A72,4,A93,A101,2,A121,44,A141,A152,1,A173,1,A191,A202,1
A11,21,A32,A44,5268,A61,A75,4,A93,A101,2,A124,28,A143,A152,1,A174,1,A191,A201,2
A14,25,A31,A43,1834,A64,A73,3,A94,A101,2,A122,34,A143,A152,1,A174,1,A191,A202,1
A13,24,A32,A40,2502,A61,A74,1,A93,A101,2,A123,38,A143,A152,1,A171,1,A191,A201,1
A14,46,A33,A42,2725,A62,A73,2,A93,A101,2,A124,46,A143,A152,1,A173,1,A191,A201,2
A12,19,A33,A40,2544,A65,A75,4,A93,A101,2,A123,25,A141,A153,1,A174,2,A191,A201,1
A14,27,A30,A42,18110,A63,A72,2,A93,A101,4,A121,27,A141,A152,2,A172,1,A191,A202,1
A12,22,A31,A45,10101,A65,A73,2,A92,A101,3,A123,30,A142,A153,1,A173,1,A191,A201,1
A13,26,A31,A410,13136,A61,A72,2,A93,A101,2,A124,38,A143,A151,2,A173,2,A191,A201,1
A14,18,A32,A40,3773,A62,A74,2,A93,A103,4,A121,27,A143,A152,1,A173,1,A191,A201,1
A14,14,A32,A40,2585,A61,A73,4,A91,A103,1,A124,45,A142,A152,2,A171,1,A191,A201,1
A13,25,A31,A42,17814,A61,A75,4,A93,A102,1,A123,33,A143,A151,4,A173,1,A192,A201,1
A13,24,A30,A45,2644,A61,A75,2,A92,A101,4,A124,39,A143,A152,3,A173,1,A192,A201,1
A11,32,A34,A41,2451,A61,A73,2,A93,A102,4,A123,33,A143,A152,1,A172,1,A192,A201,1
A14,57,A31,A41,2847,A61,A74,4,A93,A101,4,A124,24,A143,A152,4,A173,1,A192,A201,2
A11,19,A33,A43,4956,A61,A75,4,A93,A103,4,A121,26,A143,A152,1,A173,1,A191,A201,1
A14,20,A30,A42,5916,A61,A73,2,A93,A101,3,A124,27,A143,A152,2,A173,1,A191,A201,1
A13,28,A32,A43,3467,A65,A75,1,A93,A101,4,A124,32,A143,A152,2,A173,1,A192,A201,1
A12,17,A32,A43,2875,A65,A75,4,A93,A103,2,A121,34,A143,A153,4,A173,1,A191,A201,1
A12,8,A34,A44,3060,A61,A73,4,A92,A101,1,A122,45,A143,A152,4,A171,1,A192,A201,1
A13,21,A34,A44,5655,A65,A71,4,A92,A101,1,A124,45,A143,A153,1,A173,1,A192,A201,1
A12,18,A32,A48,1747,A61,A75,1,A93,A101,4,A122,29,A143,A151,2,A174,1,A191,A201,1
A11,13,A34,A410,1102,A63,A74,1,A91,A101,2,A124,23,A143,A153,1,A173,1,A191,A201,1
A12,55,A33,A40,2162,A64,A75,2,A92,A101,2,A123,49,A141,A152,3,A173,2,A192,A201,2
A12,44,A34,A42,1581,A64,A73,2,A91,A101,4,A122,33,A143,A152,1,A171,1,A191,A201,1
A12,25,A34,A44,18424,A65,A75,1,A93,A101,2,A122,36,A143,A152,3,A172,1,A191,A201,2
A12,20,A34,A40,1418,A62,A74,2,A93,A101,4,A124,50,A143,A152,2,A174,1,A191,A201,1
A12,46,A33,A40,2726,A61,A71,4,A92,A101,4,A122,29,A143,A152,1,A173,1,A191,A201,1
A12,55,A30,A40,1649,A62,A73,3,A92,A102,3,A123,57,A143,A152,1,A173,1,A191,A201,1
A12,13,A32,A40,6992,A61,A73,4,A93,A101,3,A121,36,A142,A152,3,A171,1,A191,A201,1
A12,23,A32,A43,2811,A61,A75,1,A93,A101,4,A122,26,A143,A152,2,A171,1,A192,A201,1
A13,25,A34,A40,4283,A64,A71,3,A92,A101,2,A121,38,A143,A151,2,A172,2,A191,A201,1
A12,23,A34,A46,4845,A63,A71,4,A94,A101,4,A124,40,A142,A151,1,A172,1,A191,A201,2
A14,21,A31,A49,15276,A63,A74,4,A92,A101,4,A121,29,A143,A152,4,A172,1,A192,A202,2
A12,25,A32,A40,4322,A61,A74,2,A91,A103,2,A122,44,A143,A151,1,A174,1,A191,A201,1
A11,14,A33,A48,1812,A61,A75,2,A93,A101,4,A123,25,A143,A152,3,A173,1,A192,A201,1
A12,24,A32,A45,9352,A62,A74,4,A93,A101,3,A123,24,A143,A153,1,A174,2,A191,A201,2
A14,7,A32,A40,15295,A61,A74,2,A93,A101,4,A124,26,A143,A152,2,A172,1,A191,A201,2
A12,16,A32,A410,5591,A62,A73,3,A93,A101,4,A123,67,A141,A152,3,A172,1,A191,A201,1
A12,25,A30,A43,2701,A64,A73,1,A93,A101,1,A124,75,A143,A152,2,A171,1,A192,A201,1
A11,22,A32,A42,18424,A62,A74,1,A93,A101,4,A122,30,A141,A152,1,A173,1,A192,A201,1
A12,38,A34,A46,5937,A65,A75,4,A94,A101,4,A121,34,A141,A152,1,A172,1,A191,A201,2
A12,24,A31,A43,2748,A62,A75,2,A92,A101,2,A122,41,A141,A152,1,A171,1,A191,A201,1
A12,26,A32,A48,3522,A61,A73,4,A92,A101,4,A123,39,A143,A152,2,A173,1,A191,A201,1
A12,59,A34,A45,12075,A61,A73,2,A92,A101,2,A121,47,A143,A152,1,A172,1,A191,A201,1
A11,23,A33,A45,4478,A63,A74,3,A92,A101,3,A123,44,A141,A152,1,A173,1,A191,A201,1
A12,17,A32,A40,5509,A61,A74,4,A92,A101,4,A123,33,A141,A151,3,A173,2,A191,A201,2
A13,10,A34,A42,5601,A62,A73,2,A94,A103,2,A123,48,A142,A152,3,A172,1,A191,A201,1
A12,8,A31,A42,18424,A62,A71,4,A94,A101,4,A123,27,A143,A152,2,A173,1,A191,A201,1
A14,21,A34,A42,5433,A64,A74,2,A92,A101,2,A124,45,A142,A151,2,A173,1,A192,A201,1
A12,68,A33,A49,2917,A61,A73,2,A92,A101,1,A122,33,A143,A151,3,A174,1,A191,A201,1
A14,27,A33,A42,17511,A63,A71,4,A92,A101,4,A122,43,A143,A152,2,A172,1,A192,A201,1
A12,23,A32,A44,2333,A62,A73,4,A92,A101,1,A124,34,A143,A151,1,A173,1,A191,A201,1
A11,20,A34,A42,17862,A65,A74,1,A94,A101,1,A124,30,A143,A152,3,A173,1,A191,A201,1
A14,16,A30,A40,4945,A64,A73,3,A92,A101,4,A121,32,A143,A152,1,A173,1,A191,A201,2
A13,16,A32,A49,18424,A61,A72,2,A91,A101,3,A121,35,A141,A153,1,A173,1,A192,A201,1
A11,26,A32,A43,5622,A62,A73,3,A94,A102,2,A124,35,A143,A151,1,A172,2,A192,A201,1
A12,20,A31,A410,908,A61,A75,4,A94,A101,4,A122,28,A141,A152,1,A172,1,A192,A201,2
A11,22,A34,A42,6097,A65,A72,3,A92,A101,4,A123,34,A142,A152,1,A171,1,A191,A201,2
A11,15,A32,A49,2329,A61,A71,2,A92,A103,2,A123,20,A143,A153,1,A171,1,A191,A201,1
A12,47,A32,A45,2099,A64,A72,2,A92,A101,2,A122,53,A143,A152,2,A174,1,A192,A202,2
A14,21,A34,A44,4332,A64,A71,1,A92,A103,2,A123,34,A143,A152,4,A172,1,A191,A201,2
A14,15,A31,A41,18424,A61,A75,3,A92,A101,2,A124,36,A141,A151,3,A174,1,A192,A201,1
A14,18,A34,A49,13468,A65,A73,2,A91,A101,3,A121,45,A143,A152,1,A173,1,A191,A201,1
A13,15,A34,A48,3718,A61,A75,2,A93,A101,2,A124,33,A143,A152,1,A171,1,A191,A201,2
A11,20,A34,A410,2968,A65,A73,3,A92,A101,4,A123,42,A142,A153,4,A172,1,A191,A201,1
A14,24,A34,A42,2876,A62,A75,1,A91,A101,4,A123,47,A143,A152,1,A173,1,A191,A201,1
A13,22,A33,A42,1525,A65,A74,3,A93,A103,4,A121,46,A142,A153,1,A171,1,A191,A201,2
A13,33,A34,A43,2641,A63,A75,2,A93,A103,3,A122,36,A143,A152,1,A174,1,A192,A201,1
A14,14,A34,A43,11350,A61,A71,4,A94,A101,4,A123,35,A143,A152,1,A171,2,A191,A202,2
A11,32,A30,A410,2263,A61,A73,1,A92,A101,4,A123,62,A143,A152,1,A172,2,A191,A201,1
A12,24,A34,A410,10186,A62,A75,1,A92,A101,2,A121,42,A143,A152,1,A173,1,A192,A201,1
A13,41,A34,A43,4812,A64,A74,3,A93,A101,2,A121,42,A143,A151,4,A173,1,A192,A201,2
A14,24,A30,A44,8277,A61,A73,2,A91,A102,2,A121,43,A143,A152,2,A173,1,A191,A201,1
A14,18,A32,A45,2017,A63,A73,4,A93,A101,1,A122,39,A141,A152,3,A174,1,A191,A201,1
A12,38,A32,A42,3647,A62,A73,4,A91,A101,3,A122,75,A143,A152,3,A172,1,A191,A201,1
A12,23,A32,A44,4270,A65,A73,4,A93,A101,2,A123,27,A143,A152,1,A173,1,A192,A201,1
A14,25,A31,A44,2971,A62,A75,4,A92,A103,2,A121,47,A143,A153,1,A173,1,A191,A201,2
A12,15,A32,A41,3612,A61,A75,1,A93,A103,1,A124,31,A143,A152,1,A173,1,A192,A201,1
A14,24,A32,A40,3670,A62,A74,3,A93,A101,4,A123,52,A143,A153,1,A173,1,A191,A201,2
A14,25,A34,A43,1327,A61,A74,4,A93,A101,4,A121,32,A141,A152,1,A173,1,A191,A201,1
A13,47,A34,A40,4320,A63,A72,3,A93,A101,3,A123,25,A143,A153,4,A173,1,A191,A202,1
A12,24,A34,A49,4128,A65,A73,4,A93,A101,2,A121,58,A143,A153,2,A173,1,A191,A201,2
A14,10,A33,A46,8066,A62,A73,3,A93,A103,4,A123,51,A142,A153,1,A173,2,A192,A201,1
A14,39,A33,A45,11552,A63,A71,4,A91,A101,3,A123,25,A142,A153,1,A173,1,A191,A201,1
A11,19,A31,A44,2443,A64,A71,4,A94,A101,4,A124,26,A143,A151,1,A173,1,A191,A201,2
A14,15,A34,A43,2647,A64,A74,2,A91,A101,2,A122,43,A143,A152,1,A171,1,A192,A201,1
A13,23,A30,A43,3919,A63,A73,4,A93,A101,2,A122,32,A141,A151,1,A173,1,A192,A201,2
A14,24,A32,A410,2827,A65,A74,1,A94,A101,4,A123,35,A141,A152,2,A174,1,A191,A201,2
A12,24,A32,A43,2506,A61,A73,2,A92,A101,1,A122,44,A143,A151,2,A173,1,A191,A201,1
A11,27,A34,A43,2421,A65,A73,3,A93,A103,2,A123,47,A143,A152,4,A173,1,A191,A201,1
A11,18,A33,A41,1991,A61,A73,1,A93,A101,2,A124,44,A141,A151,1,A171,1,A192,A201,1
A14,20,A32,A40,2597,A65,A73,2,A92,A103,4,A121,30,A142,A152,1,A173,1,A192,A201,2
A11,15,A34,A40,14836,A61,A75,4,A93,A103,3,A121,30,A142,A151,1,A174,1,A191,A201,1
A11,16,A34,A40,2926,A63,A74,4,A92,A103,1,A124,49,A143,A153,2,A173,2,A191,A202,1
A12,9,A32,A410,3122,A61,A75,4,A93,A101,4,A122,32,A141,A153,2,A173,1,A191,A201,1
A12,23,A33,A46,4761,A62,A75,4,A93,A101,4,A122,75,A143,A152,1,A173,1,A192,A201,2
A11,21,A33,A40,2315,A64,A72,4,A93,A103,4,A122,49,A142,A151,2,A172,1,A192,A201,1
A12,11,A32,A45,5981,A61,A73,4,A93,A101,2,A121,45,A142,A151,1,A173,1,A191,A202,1
A14,41,A33,A48,3614,A65,A74,4,A94,A101,2,A123,56,A143,A152,1,A174,1,A192,A201,1
A12,22,A32,A41,10917,A61,A74,4,A94,A101,1,A122,30,A141,A153,1,A174,1,A192,A201,1
A13,24,A32,A43,2298,A65,A73,2,A93,A101,1,A123,25,A143,A153,1,A172,1,A192,A201,1
A12,24,A32,A43,3081,A61,A75,1,A92,A103,2,A121,47,A142,A152,4,A174,1,A191,A201,2
A11,21,A30,A44,2264,A61,A75,3,A93,A101,3,A124,43,A143,A152,3,A173,1,A191,A201,1
A11,23,A34,A49,1474,A63,A75,2,A93,A102,2,A122,30,A141,A152,3,A172,1,A191,A201,1
A12,24,A33,A43,10011,A61,A71,4,A94,A101,1,A122,32,A143,A151,3,A173,1,A191,A201,1
A14,36,A32,A410,4461,A61,A73,2,A93,A103,2,A122,34,A141,A152,2,A174,2,A192,A201,1
A14,42,A32,A43,3356,A61,A75,4,A93,A101,1,A123,49,A143,A152,3,A174,1,A192,A201,1
A13,17,A34,A43,967,A64,A71,4,A94,A101,4,A124,34,A143,A153,1,A173,1,A191,A201,1
A11,19,A31,A42,2156,A65,A74,4,A92,A103,4,A122,34,A143,A151,1,A173,1,A192,A201,2
A13,22,A34,A42,16439,A63,A71,4,A93,A101,4,A121,48,A143,A152,1,A172,1,A192,A202,1
A11,19,A33,A43,4685,A61,A72,2,A94,A101,1,A123,30,A143,A152,3,A172,2,A191,A202,1
A13,23,A30,A410,2673,A65,A71,4,A91,A101,2,A124,40,A141,A153,2,A174,1,A191,A201,1
A14,16,A34,A44,1522,A64,A74,4,A93,A101,3,A122,28,A143,A152,1,A172,2,A192,A201,1
A12,26,A32,A410,17882,A61,A72,3,A94,A102,4,A122,29,A143,A153,2,A173,1,A192,A201,2
A14,22,A34,A40,2615,A64,A71,2,A93,A103,4,A124,39,A143,A152,1,A173,1,A191,A201,2
A12,19,A31,A43,2538,A61,A75,2,A92,A101,4,A123,23,A141,A152,1,A174,1,A192,A201,1
A11,26,A34,A43,5339,A61,A73,1,A93,A103,2,A124,33,A143,A152,2,A173,2,A192,A201,1
A11,17,A32,A49,1537,A62,A75,2,A94,A103,2,A123,22,A143,A152,1,A172,1,A192,A201,1
A12,63,A31,A40,14531,A61,A71,4,A93,A103,4,A122,47,A143,A152,3,A171,1,A192,A201,2
A13,22,A34,A48,2697,A62,A75,4,A91,A101,2,A124,39,A143,A153,1,A174,1,A191,A201,1
A11,72,A34,A43,4130,A61,A74,1,A92,A101,1,A124,29,A142,A152,1,A172,1,A191,A201,1
A12,19,A34,A410,7932,A63,A71,4,A93,A101,2,A124,34,A143,A152,2,A173,1,A192,A202,2
A13,70,A34,A49,2436,A65,A74,2,A93,A101,2,A124,25,A143,A152,2,A172,1,A192,A201,1
A14,15,A34,A48,1668,A64,A75,4,A91,A103,4,A123,23,A143,A152,1,A174,1,A192,A201,2
A12,24,A34,A40,9020,A65,A73,4,A93,A101,4,A123,29,A143,A152,2,A172,2,A192,A201,1
A12,13,A32,A43,2231,A61,A72,4,A93,A101,4,A122,26,A143,A152,1,A174,1,A192,A201,1
A14,14,A34,A410,2189,A61,A75,2,A93,A101,4,A123,42,A143,A152,1,A172,1,A191,A201,1
A14,21,A34,A43,2938,A61,A75,2,A93,A101,3,A122,75,A142,A152,1,A172,1,A192,A202,1
A12,25,A34,A40,4047,A61,A75,1,A93,A101,2,A121,33,A143,A153,1,A173,1,A192,A201,2
A11,23,A30,A42,2019,A62,A75,1,A93,A101,2,A123,44,A141,A152,3,A173,1,A191,A201,1
A12,16,A34,A48,9976,A65,A73,4,A92,A103,2,A121,55,A141,A151,1,A173,1,A191,A201,1
A14,25,A32,A43,17799,A62,A72,1,A93,A101,2,A123,45,A143,A152,1,A173,1,A191,A201,1
A12,17,A34,A46,1402,A61,A72,2,A92,A101,4,A123,29,A142,A152,1,A172,1,A191,A201,1
A12,22,A33,A43,15944,A61,A73,4,A92,A101,2,A121,27,A141,A151,3,A172,2,A192,A202,1
A12,44,A30,A46,1604,A64,A71,1,A93,A101,4,A122,51,A143,A153,4,A173,1,A192,A201,1
A11,24,A33,A40,4601,A61,A71,2,A93,A101,2,A124,29,A141,A151,1,A173,1,A191,A201,1
A13,23,A30,A44,2237,A61,A71,2,A92,A101,4,A124,29,A143,A152,1,A173,1,A191,A201,1
A14,32,A33,A41,5332,A61,A73,4,A93,A103,4,A122,39,A143,A152,4,A173,1,A191,A201,2
A12,19,A30,A41,5800,A63,A73,4,A93,A101,3,A121,29,A142,A152,2,A173,1,A191,A201,1
A12,72,A33,A40,1926,A61,A72,2,A93,A101,2,A124,33,A143,A152,1,A172,1,A191,A201,1
A13,19,A32,A42,2654,A65,A73,2,A92,A101,3,A121,36,A141,A152,4,A174,1,A191,A201,1
A13,10,A34,A40,3382,A61,A73,3,A93,A101,4,A123,30,A143,A153,1,A174,1,A192,A202,1
A13,15,A32,A46,2221,A65,A74,4,A93,A103,2,A123,43,A143,A151,1,A172,1,A191,A201,1
A13,24,A34,A46,3343,A62,A71,4,A91,A103,4,A124,40,A141,A152,1,A172,1,A191,A201,2
A11,21,A31,A42,4530,A61,A72,3,A93,A103,3,A121,46,A143,A151,2,A173,1,A191,A201,1
A12,25,A33,A46,5383,A61,A71,3,A91,A102,4,A123,33,A141,A151,3,A173,1,A191,A201,2
A14,43,A34,A45,1852,A63,A73,2,A92,A101,3,A124,46,A142,A152,2,A174,1,A191,A201,1
A13,13,A32,A40,2869,A64,A73,4,A93,A101,4,A123,31,A143,A152,1,A173,1,A191,A202,1
A14,15,A30,A41,1818,A62,A74,2,A91,A101,2,A123,32,A143,A152,1,A173,1,A192,A201,1
A11,16,A32,A43,4838,A62,A74,2,A91,A101,2,A123,33,A141,A151,4,A174,1,A192,A201,2
A13,15,A30,A43,3902,A61,A75,3,A91,A101,4,A124,40,A142,A153,2,A173,1,A191,A201,1
A11,15,A30,A46,4240,A61,A73,1,A94,A101,2,A124,26,A143,A151,2,A173,1,A191,A201,1
A14,54,A34,A40,3294,A64,A75,2,A93,A101,4,A123,52,A143,A153,1,A173,2,A191,A201,1
A14,26,A34,A43,5501,A63,A73,2,A92,A103,2,A124,30,A141,A152,3,A173,1,A192,A201,1
A14,41,A31,A43,2356,A61,A71,4,A93,A101,1,A123,42,A143,A152,1,A173,1,A191,A201,1
A14,48,A34,A42,4212,A61,A71,4,A93,A101,4,A123,29,A143,A152,1,A173,1,A191,A201,2
A14,8,A30,A49,2372,A62,A73,1,A93,A103,4,A123,57,A143,A152,4,A174,1,A192,A201,1
A12,22,A32,A40,2633,A62,A73,1,A91,A101,2,A124,47,A143,A151,3,A174,1,A191,A201,1
A14,23,A32,A41,2090,A65,A75,1,A92,A103,1,A123,43,A141,A152,2,A171,1,A191,A201,1
A12,18,A34,A44,3660,A61,A71,1,A94,A101,4,A123,67,A143,A153,1,A174,1,A191,A201,2
A11,28,A32,A46,1272,A61,A73,4,A93,A101,4,A121,33,A143,A152,1,A172,1,A191,A201,1
A14,19,A34,A46,2066,A63,A72,4,A93,A101,4,A123,32,A143,A153,1,A172,1,A191,A201,2
A14,18,A30,A48,5712,A61,A75,2,A93,A101,4,A122,34,A143,A152,1,A171,1,A191,A201,1
A14,11,A32,A41,2343,A61,A75,4,A93,A101,4,A123,56,A143,A153,2,A174,1,A191,A201,1
A14,16,A33,A43,10152,A61,A73,2,A93,A102,1,A123,29,A142,A152,3,A174,1,A191,A201,1
A12,10,A32,A43,5107,A65,A72,2,A93,A103,4,A123,34,A143,A152,2,A171,1,A191,A202,1
A12,48,A34,A44,6955,A61,A74,2,A93,A101,2,A124,42,A143,A153,1,A173,1,A191,A201,1
A11,16,A34,A46,12314,A62,A74,3,A93,A101,2,A124,34,A143,A151,4,A172,1,A192,A201,2
A14,16,A33,A48,4407,A63,A75,4,A93,A101,4,A123,35,A143,A152,3,A173,1,A192,A201,1
A14,19,A34,A43,1303,A61,A75,2,A93,A101,4,A124,35,A142,A152,3,A173,1,A191,A201,1
A11,46,A32,A41,5553,A61,A72,2,A93,A102,4,A122,32,A142,A152,1,A173,1,A191,A201,2
A11,19,A33,A41,3237,A65,A73,3,A92,A103,2,A121,29,A141,A151,1,A173,1,A191,A201,1
A11,15,A34,A49,2654,A65,A73,1,A93,A103,4,A123,29,A143,A151,3,A173,2,A191,A201,1
A14,20,A32,A410,2267,A61,A72,3,A93,A101,2,A121,51,A143,A152,1,A174,1,A192,A201,2
A14,40,A32,A41,2883,A63,A74,2,A91,A101,2,A121,43,A142,A152,1,A173,1,A192,A202,2
A12,19,A32,A45,4030,A61,A73,1,A92,A101,4,A121,45,A143,A153,2,A172,1,A191,A201,2
A11,21,A34,A43,15275,A61,A71,3,A93,A102,4,A123,44,A142,A153,2,A173,2,A191,A202,1
A14,24,A34,A40,1819,A61,A75,1,A93,A101,2,A123,44,A143,A152,1,A174,1,A191,A201,1
A11,17,A33,A42,4067,A64,A75,2,A93,A103,2,A121,63,A141,A152,1,A174,1,A191,A201,1
A11,20,A34,A46,6400,A61,A73,2,A93,A103,2,A123,34,A143,A152,4,A173,1,A191,A201,1
A13,57,A31,A49,2259,A63,A73,1,A93,A103,2,A121,65,A141,A152,3,A173,1,A192,A202,1
A12,24,A33,A43,4495,A61,A75,4,A94,A102,2,A124,32,A143,A152,2,A172,1,A191,A201,2
A14,22,A32,A43,5374,A63,A74,4,A93,A101,4,A123,29,A143,A152,2,A172,1,A191,A201,1
A13,44,A32,A43,6968,A63,A71,4,A93,A101,4,A122,37,A142,A153,1,A173,1,A191,A201,1
A13,22,A34,A43,1902,A62,A73,1,A93,A103,4,A123,41,A141,A152,2,A173,1,A191,A201,1
A12,18,A30,A43,2759,A61,A71,1,A93,A102,1,A121,42,A143,A152,2,A173,1,A192,A201,1
A12,19,A32,A45,4278,A61,A73,4,A94,A101,2,A122,31,A141,A153,1,A173,1,A192,A201,1
A14,23,A32,A40,2470,A63,A75,2,A93,A101,4,A123,46,A143,A152,2,A174,1,A192,A201,2
A14,38,A32,A41,4847,A65,A72,2,A92,A101,2,A122,39,A143,A152,1,A172,1,A191,A201,2
A12,20,A32,A43,5423,A61,A73,4,A91,A101,4,A121,27,A141,A152,3,A171,1,A191,A201,1
A13,11,A33,A40,1668,A64,A73,4,A93,A101,4,A122,32,A143,A153,3,A173,1,A192,A201,2
A14,8,A32,A43,11005,A63,A71,4,A91,A103,3,A123,43,A143,A152,3,A172,1,A191,A201,1
A11,21,A34,A410,3351,A64,A72,4,A94,A103,4,A123,31,A143,A152,1,A174,1,A192,A201,1
A11,23,A32,A46,2923,A65,A75,3,A93,A101,4,A124,41,A142,A152,2,A173,1,A191,A201,2
A14,21,A32,A40,4801,A63,A73,2,A94,A101,1,A123,22,A143,A152,4,A173,1,A191,A202,1
A12,16,A32,A48,1717,A61,A75,4,A93,A101,1,A123,30,A142,A151,1,A173,1,A191,A201,1
A14,67,A32,A49,5645,A61,A74,4,A93,A101,1,A123,26,A142,A153,1,A172,1,A192,A201,2
A11,17,A34,A410,2271,A64,A71,3,A92,A101,2,A121,59,A143,A152,3,A174,1,A191,A201,1
A12,22,A32,A41,1500,A61,A75,2,A91,A101,4,A121,43,A143,A152,2,A172,1,A192,A201,1
A11,19,A33,A48,8486,A61,A73,4,A94,A101,2,A123,31,A143,A153,1,A174,1,A191,A201,1
A11,14,A34,A44,2815,A61,A72,1,A93,A101,2,A123,36,A141,A153,3,A173,1,A191,A201,1
A13,18,A32,A43,4777,A65,A74,4,A93,A101,2,A122,38,A143,A152,1,A172,1,A191,A202,1
A11,16,A32,A42,2597,A61,A73,2,A92,A101,2,A124,75,A141,A153,2,A171,1,A191,A201,1
A12,12,A32,A42,4291,A63,A75,3,A93,A101,4,A123,44,A143,A152,2,A174,1,A192,A201,2
A12,39,A34,A410,17585,A61,A74,2,A94,A101,1,A123,44,A143,A152,4,A171,1,A191,A201,2
A14,19,A34,A43,2093,A61,A71,3,A93,A101,4,A124,29,A143,A152,4,A171,1,A191,A201,1
A11,31,A31,A40,8059,A61,A73,4,A92,A101,2,A121,33,A143,A152,1,A173,1,A191,A201,1
A12,24,A34,A43,2647,A65,A74,1,A92,A101,2,A122,25,A143,A153,3,A171,1,A191,A201,1
A12,14,A33,A43,1952,A61,A75,2,A93,A101,4,A123,36,A143,A151,2,A173,1,A191,A201,1
A13,23,A34,A45,2184,A65,A73,2,A93,A101,4,A124,32,A143,A152,1,A174,1,A191,A201,1
A14,26,A33,A40,1956,A64,A74,2,A91,A101,1,A124,26,A143,A153,1,A171,1,A192,A201,1
A11,23,A32,A45,4257,A62,A75,3,A91,A101,1,A122,66,A143,A152,1,A172,2,A191,A201,1
A11,25,A33,A46,6297,A61,A72,2,A92,A101,4,A124,43,A143,A152,3,A172,1,A191,A202,1
A14,45,A34,A46,4154,A62,A73,3,A93,A101,3,A124,29,A141,A153,2,A172,1,A192,A201,2
A14,14,A32,A46,12687,A63,A74,2,A93,A101,3,A123,69,A143,A153,2,A174,1,A191,A201,1
A14,21,A34,A44,5207,A61,A73,2,A92,A101,3,A123,37,A143,A152,1,A174,1,A192,A201,2
A12,20,A32,A49,7870,A61,A75,1,A92,A101,2,A123,24,A142,A152,2,A174,1,A191,A201,1
A14,20,A33,A43,3301,A61,A73,4,A93,A101,2,A123,26,A141,A151,3,A174,1,A192,A201,2
A14,13,A31,A43,4440,A61,A75,4,A94,A101,2,A121,39,A142,A153,2,A174,1,A192,A202,1
A14,9,A33,A42,2317,A62,A73,2,A91,A101,4,A122,30,A141,A152,1,A173,1,A192,A201,1
A12,23,A32,A42,8035,A64,A75,4,A93,A101,1,A124,47,A141,A151,3,A173,2,A191,A202,1
A12,7,A31,A43,2943,A61,A72,4,A93,A101,2,A123,28,A143,A152,1,A173,2,A191,A201,1
A12,14,A34,A44,1842,A63,A71,4,A94,A101,4,A121,38,A143,A152,1,A174,1,A192,A202,1
A12,44,A34,A43,2944,A61,A75,2,A93,A103,2,A122,32,A142,A152,4,A174,2,A191,A201,1
A12,25,A31,A41,18424,A61,A75,2,A94,A103,2,A123,30,A141,A152,2,A171,1,A191,A201,2
A14,26,A34,A40,4452,A61,A72,2,A93,A103,1,A123,30,A143,A152,3,A172,2,A191,A201,1
A14,26,A34,A43,2598,A61,A75,2,A91,A103,4,A123,51,A143,A152,1,A173,2,A191,A201,1
A12,23,A34,A40,2221,A63,A72,1,A92,A101,3,A123,34,A143,A152,3,A173,1,A191,A201,2
A14,9,A32,A43,6424,A61,A73,2,A92,A102,3,A121,27,A143,A151,2,A174,1,A191,A201,1
A12,8,A34,A42,2368,A61,A72,3,A94,A101,2,A123,34,A142,A152,1,A173,1,A191,A201,1
A12,54,A34,A42,11980,A62,A74,4,A92,A103,1,A123,33,A143,A152,1,A171,2,A192,A201,1
A11,18,A32,A43,9217,A64,A75,3,A91,A101,1,A124,26,A143,A152,1,A172,2,A191,A201,1
A11,20,A32,A44,8092,A61,A74,4,A93,A102,2,A124,36,A142,A152,1,A172,1,A192,A201,1
A12,19,A31,A48,3662,A64,A73,3,A93,A103,1,A123,56,A141,A153,1,A173,1,A191,A201,2
A12,15,A33,A48,4618,A61,A75,3,A94,A101,2,A121,29,A142,A152,2,A171,1,A191,A201,2
A11,63,A32,A43,12851,A65,A75,4,A92,A103,4,A122,55,A143,A152,2,A174,1,A191,A202,1
A14,22,A34,A44,1448,A61,A75,2,A94,A101,2,A121,23,A142,A152,1,A173,1,A191,A201,1
A12,47,A32,A43,16864,A61,A75,3,A93,A101,1,A124,24,A143,A153,1,A174,1,A191,A202,1
A14,23,A32,A45,2314,A65,A71,1,A91,A101,2,A124,43,A143,A153,4,A174,1,A192,A201,1
A12,42,A33,A43,2725,A65,A71,4,A92,A101,4,A123,24,A143,A152,1,A173,1,A191,A202,2
A12,65,A30,A43,1429,A61,A75,2,A93,A101,2,A123,34,A143,A152,4,A172,1,A191,A201,1
A14,18,A32,A49,1381,A65,A75,1,A92,A101,2,A123,40,A142,A152,1,A172,2,A192,A201,1
A11,16,A33,A40,5540,A65,A75,4,A93,A101,1,A123,57,A141,A152,1,A171,1,A191,A201,1
A14,65,A30,A43,1667,A65,A75,3,A93,A102,1,A124,34,A143,A152,3,A174,1,A192,A201,1
A12,21,A32,A45,2362,A61,A72,4,A94,A101,2,A121,46,A143,A152,2,A173,1,A192,A201,1
A12,12,A32,A42,5239,A64,A73,4,A94,A103,4,A123,31,A142,A151,2,A172,1,A192,A201,1
A11,7,A32,A43,8408,A61,A72,1,A93,A101,4,A122,32,A142,A152,4,A174,1,A191,A202,1
A11,20,A34,A48,1986,A64,A75,4,A93,A103,4,A124,34,A141,A152,1,A173,2,A192,A201,1
A12,15,A34,A43,1087,A61,A73,2,A94,A101,3,A124,41,A142,A152,3,A172,1,A192,A201,2
A13,21,A33,A43,5877,A64,A72,1,A92,A102,4,A122,28,A143,A152,1,A173,2,A191,A201,1
A12,20,A32,A45,4748,A64,A72,4,A91,A102,2,A121,28,A141,A152,1,A174,1,A191,A201,1
A14,7,A31,A49,3068,A65,A73,2,A92,A102,2,A123,37,A143,A152,1,A174,1,A191,A201,1
A13,17,A32,A43,5257,A65,A75,1,A91,A103,3,A124,47,A142,A152,1,A172,1,A191,A201,2
A11,20,A33,A43,5158,A61,A72,2,A93,A102,1,A124,28,A143,A153,1,A174,1,A191,A201,1
A14,23,A34,A45,3953,A65,A71,2,A93,A101,1,A123,53,A143,A152,1,A172,1,A191,A201,2
A11,14,A33,A43,2140,A61,A72,1,A92,A101,3,A121,25,A141,A152,2,A172,1,A191,A202,1
A11,20,A33,A43,18424,A61,A72,3,A92,A101,3,A124,36,A141,A152,2,A173,1,A191,A201,1
A14,42,A32,A43,6215,A65,A75,3,A92,A101,3,A122,36,A143,A152,1,A173,1,A191,A201,1
A14,18,A33,A40,16980,A65,A74,2,A94,A102,4,A123,45,A143,A152,1,A174,2,A191,A201,2
A12,27,A30,A410,4956,A61,A75,4,A94,A101,2,A121,46,A143,A152,1,A174,1,A191,A201,1
A12,20,A34,A43,3352,A64,A73,2,A93,A101,1,A121,34,A143,A153,1,A171,1,A191,A201,1
A12,13,A34,A48,5090,A62,A75,3,A92,A103,4,A124,39,A143,A152,4,A173,1,A191,A201,2
A14,19,A34,A46,6065,A61,A75,1,A93,A101,4,A122,34,A143,A152,1,A174,1,A191,A201,2
A12,21,A34,A43,4216,A62,A71,4,A92,A101,3,A124,33,A143,A152,3,A173,2,A192,A201,1
A14,27,A34,A46,5953,A61,A74,4,A93,A101,2,A124,27,A143,A152,2,A172,2,A191,A201,2
A13,24,A32,A44,4929,A65,A73,4,A93,A101,4,A124,66,A141,A151,1,A174,1,A191,A201,1
A12,22,A33,A49,2523,A63,A72,2,A94,A103,2,A122,46,A141,A152,2,A173,1,A191,A201,2
A13,32,A32,A43,3371,A61,A73,4,A93,A101,4,A123,42,A143,A152,1,A174,1,A192,A201,1
A11,16,A32,A49,2833,A61,A74,2,A93,A101,4,A124,69,A143,A152,1,A173,1,A192,A201,1
A14,21,A32,A43,18424,A61,A72,4,A91,A103,4,A124,35,A143,A151,1,A173,1,A191,A201,1
A12,16,A34,A40,2427,A61,A74,4,A92,A101,4,A123,46,A141,A152,2,A171,1,A192,A201,2
A12,36,A34,A45,16718,A63,A74,2,A93,A101,4,A122,41,A142,A152,1,A173,1,A191,A201,2
A13,22,A32,A46,2737,A65,A73,2,A92,A101,4,A124,28,A142,A152,4,A172,1,A191,A201,1
A14,25,A32,A410,16337,A64,A73,3,A93,A101,2,A121,44,A143,A153,2,A174,2,A191,A201,1
A14,63,A32,A43,4522,A63,A71,1,A93,A101,2,A123,75,A142,A152,1,A172,2,A191,A201,1
A14,45,A31,A42,1326,A65,A73,4,A93,A101,2,A123,50,A143,A151,1,A174,1,A191,A201,2
A12,24,A34,A45,3073,A61,A74,2,A93,A101,4,A121,44,A143,A152,1,A171,1,A192,A201,1
A11,19,A32,A40,3795,A62,A75,2,A92,A103,4,A123,51,A142,A152,1,A173,1,A191,A202,2
A13,20,A34,A41,2138,A65,A74,1,A92,A101,4,A123,55,A141,A151,2,A172,1,A192,A201,1
A12,12,A33,A43,2712,A61,A72,2,A92,A101,4,A124,33,A142,A152,1,A172,1,A191,A201,2
A11,14,A33,A42,2367,A62,A74,2,A94,A103,2,A123,31,A143,A153,2,A174,1,A191,A201,1
A12,15,A32,A40,2125,A64,A74,4,A92,A102,4,A122,50,A143,A151,1,A171,2,A192,A201,1
A12,23,A32,A49,9661,A61,A73,1,A91,A101,4,A122,28,A143,A152,1,A173,1,A191,A201,2
A14,17,A32,A44,3454,A61,A73,2,A93,A101,4,A123,31,A143,A151,3,A174,1,A191,A201,2
A14,23,A34,A43,3570,A61,A75,2,A92,A101,4,A123,75,A142,A152,1,A173,1,A191,A201,1
A14,18,A33,A40,4829,A61,A74,3,A93,A101,1,A123,30,A143,A152,1,A173,1,A191,A201,2
A14,9,A32,A42,5360,A65,A75,2,A94,A101,4,A121,31,A143,A152,2,A173,1,A192,A201,1
A14,19,A32,A44,17745,A62,A72,2,A94,A101,4,A122,30,A143,A152,1,A173,1,A191,A201,1
A11,20,A32,A46,4749,A62,A75,1,A93,A101,1,A121,26,A142,A153,4,A174,1,A192,A201,2
A12,23,A32,A42,1595,A61,A73,4,A92,A101,1,A122,41,A141,A152,2,A173,1,A192,A201,2
A13,20,A30,A40,18424,A62,A72,1,A92,A101,2,A122,27,A141,A152,1,A173,2,A191,A201,1
A14,18,A34,A42,5451,A65,A75,4,A93,A101,2,A121,34,A141,A153,1,A171,1,A192,A201,1
A11,20,A32,A44,3629,A61,A71,4,A93,A101,2,A124,32,A143,A153,1,A174,1,A191,A202,1
A12,16,A30,A49,18424,A63,A75,3,A93,A101,3,A121,34,A143,A152,4,A173,1,A191,A201,1
A12,10,A32,A49,2820,A61,A74,4,A93,A101,2,A123,40,A143,A152,1,A172,1,A192,A201,2
A12,39,A32,A46,4913,A65,A74,4,A92,A103,4,A123,73,A143,A153,2,A174,1,A192,A201,1
A13,9,A34,A44,3478,A65,A73,3,A92,A101,4,A123,21,A143,A152,4,A174,1,A191,A201,2
A13,16,A34,A44,954,A61,A72,2,A92,A101,4,A123,34,A143,A152,1,A173,1,A192,A201,1
A12,17,A32,A40,4393,A63,A74,4,A91,A101,4,A121,68,A143,A153,2,A173,1,A191,A201,1
A14,17,A32,A42,4960,A61,A75,1,A93,A103,4,A121,22,A143,A152,1,A172,1,A191,A201,1
A11,46,A34,A43,4786,A63,A73,1,A92,A103,2,A121,36,A141,A153,1,A173,2,A192,A202,1
A12,17,A32,A42,3042,A61,A73,2,A93,A101,2,A124,33,A142,A152,1,A174,1,A192,A201,1
A13,7,A34,A45,3153,A61,A75,2,A94,A101,2,A124,55,A143,A153,2,A172,1,A191,A202,2
A11,17,A34,A42,3092,A61,A73,3,A94,A102,1,A122,33,A141,A152,1,A174,2,A191,A201,1
A13,20,A31,A40,1759,A64,A74,4,A92,A101,4,A124,28,A143,A152,1,A172,1,A191,A201,1
A11,22,A32,A43,2901,A61,A74,1,A91,A101,4,A124,51,A141,A152,1,A173,1,A191,A201,1
A13,40,A32,A45,1115,A61,A73,2,A92,A101,1,A122,29,A143,A152,2,A172,1,A191,A201,2
A11,18,A34,A49,5374,A61,A72,2,A93,A103,4,A124,33,A141,A153,3,A172,1,A191,A201,1
A12,15,A30,A41,1103,A61,A72,3,A94,A102,2,A124,31,A141,A152,1,A171,1,A191,A201,1
A13,20,A32,A41,6423,A64,A74,3,A93,A101,1,A122,33,A142,A152,2,A172,1,A192,A201,1
A14,11,A34,A43,18424,A61,A74,2,A94,A101,2,A122,30,A143,A152,1,A173,1,A192,A201,2
A14,23,A32,A46,10091,A61,A73,3,A93,A101,1,A121,31,A143,A153,4,A174,2,A192,A201,2
A12,54,A32,A46,2402,A61,A74,4,A93,A101,3,A124,75,A142,A152,4,A174,1,A191,A201,1
A12,20,A34,A49,720,A65,A74,2,A93,A101,4,A122,58,A143,A152,3,A173,2,A191,A201,2
A11,22,A32,A42,5861,A61,A73,4,A92,A101,4,A122,34,A143,A151,2,A172,1,A191,A202,1
A12,12,A32,A48,2945,A65,A73,4,A92,A103,2,A124,44,A143,A153,1,A172,1,A192,A201,1
A11,24,A34,A40,4212,A61,A75,1,A92,A101,2,A124,29,A143,A151,2,A173,2,A191,A202,1
A13,18,A32,A42,3440,A61,A74,2,A94,A101,2,A124,46,A141,A153,4,A173,1,A191,A201,1
A14,12,A32,A45,1937,A62,A74,1,A93,A101,4,A123,47,A142,A152,2,A174,1,A191,A201,2
A13,70,A34,A41,3810,A61,A71,4,A94,A101,2,A124,43,A142,A153,1,A173,1,A192,A202,2
A14,21,A32,A41,3043,A63,A74,3,A92,A101,4,A122,75,A141,A151,1,A173,1,A191,A201,1
A11,11,A31,A44,18251,A61,A73,2,A91,A101,4,A122,51,A142,A152,1,A174,1,A192,A201,1
A14,21,A32,A43,4720,A63,A73,1,A93,A101,1,A122,41,A143,A152,1,A173,1,A192,A201,1
A12,67,A32,A41,2000,A61,A75,2,A93,A101,3,A124,33,A141,A152,3,A172,1,A191,A201,2
A12,21,A32,A42,5157,A65,A75,1,A92,A101,1,A124,30,A143,A151,1,A173,1,A192,A202,1
A12,15,A34,A42,5929,A61,A75,4,A93,A101,4,A123,53,A143,A152,1,A171,1,A191,A201,2
A11,59,A34,A410,2441,A61,A74,1,A92,A103,4,A124,36,A143,A152,1,A173,1,A192,A201,1
A12,53,A32,A42,2966,A61,A75,1,A93,A101,2,A122,30,A141,A151,2,A173,1,A192,A202,2
A12,17,A32,A44,5149,A62,A75,4,A92,A101,2,A123,33,A141,A151,1,A174,1,A191,A201,1
A12,22,A34,A44,18424,A62,A72,1,A93,A101,2,A124,43,A141,A151,1,A171,1,A192,A202,1
A12,48,A33,A49,18424,A64,A74,4,A93,A101,4,A123,28,A143,A153,2,A173,2,A192,A201,1
A12,72,A31,A43,2473,A61,A73,1,A93,A101,2,A124,42,A142,A152,3,A174,1,A191,A201,1
A14,21,A31,A49,3187,A61,A71,2,A92,A101,3,A123,34,A143,A153,3,A172,1,A192,A201,1
A11,23,A31,A45,1593,A61,A72,4,A93,A101,3,A123,34,A143,A152,1,A174,2,A192,A201,1
A12,58,A32,A42,4400,A63,A75,2,A94,A102,4,A123,27,A143,A151,1,A173,1,A192,A202,1
A11,61,A30,A46,3477,A61,A71,3,A91,A101,4,A121,60,A142,A153,1,A173,1,A192,A201,1
A11,21,A31,A40,3843,A61,A72,2,A92,A101,4,A124,34,A141,A152,3,A173,1,A192,A201,1
A12,25,A34,A46,3348,A65,A71,2,A93,A101,2,A123,35,A142,A152,2,A173,1,A191,A201,1
A14,24,A34,A42,1142,A61,A73,4,A93,A102,2,A121,33,A143,A153,3,A172,2,A192,A201,2
A12,18,A33,A43,4259,A65,A75,2,A91,A101,2,A123,23,A143,A152,1,A171,1,A191,A201,1
A14,8,A32,A43,6318,A61,A74,4,A94,A102,4,A123,32,A143,A152,1,A174,1,A191,A201,1
A11,14,A30,A42,1884,A61,A73,3,A93,A101,4,A123,26,A143,A151,2,A173,1,A191,A202,2
A13,27,A32,A42,2310,A65,A75,4,A92,A103,2,A122,29,A143,A152,1,A172,2,A191,A201,1
A14,25,A30,A44,2762,A63,A71,4,A91,A103,2,A123,23,A141,A152,2,A174,1,A191,A201,1
A12,21,A32,A42,1758,A61,A72,2,A91,A101,2,A124,37,A143,A152,2,A172,1,A192,A202,1
A14,18,A34,A43,5257,A62,A75,1,A94,A103,2,A123,49,A141,A152,2,A173,1,A191,A201,2
A12,13,A32,A410,5531,A61,A72,2,A92,A101,4,A121,37,A142,A152,2,A171,1,A191,A201,2
A14,25,A31,A410,5472,A62,A75,4,A91,A101,2,A121,69,A143,A152,4,A173,1,A191,A201,1
A11,65,A34,A43,3714,A62,A75,4,A91,A102,4,A123,40,A142,A152,2,A172,2,A192,A201,2
A14,23,A32,A44,1643,A62,A71,1,A93,A101,2,A123,46,A141,A152,2,A173,1,A191,A201,2
A13,22,A33,A49,2663,A61,A73,2,A91,A101,2,A124,36,A143,A152,1,A174,2,A192,A201,1
A12,15,A32,A45,5994,A62,A73,4,A93,A102,1,A121,50,A143,A152,4,A173,2,A192,A202,1
A14,19,A34,A46,2437,A63,A75,2,A93,A101,1,A123,53,A143,A153,1,A173,1,A191,A201,1
A13,12,A32,A42,2108,A64,A71,3,A93,A101,4,A123,28,A141,A153,1,A173,1,A192,A201,2
A12,22,A33,A46,4511,A61,A75,1,A91,A102,2,A123,31,A141,A151,1,A172,1,A191,A201,1
A11,18,A32,A42,8934,A61,A73,1,A93,A103,4,A122,35,A141,A153,4,A172,2,A192,A202,2
A12,21,A32,A45,4957,A63,A71,4,A93,A102,4,A121,27,A143,A152,2,A174,1,A192,A201,2
A14,18,A30,A41,2219,A64,A75,1,A94,A102,4,A121,28,A143,A152,1,A173,1,A192,A202,2
A12,13,A34,A43,4255,A61,A73,4,A94,A101,2,A122,67,A141,A152,1,A171,2,A191,A201,1
A13,18,A33,A45,4183,A64,A75,1,A94,A101,4,A122,28,A143,A152,1,A171,1,A191,A201,1
A12,22,A31,A44,2377,A65,A71,2,A92,A101,1,A121,29,A143,A152,1,A173,1,A191,A201,1
A12,11,A34,A43,2685,A65,A72,4,A92,A102,4,A124,29,A142,A152,2,A174,1,A191,A201,2
A12,24,A31,A46,2595,A61,A73,4,A92,A103,2,A123,31,A143,A151,2,A172,1,A191,A201,1
A11,26,A34,A40,4197,A61,A75,1,A93,A101,3,A124,23,A142,A153,1,A172,1,A191,A201,1
A13,23,A33,A46,7397,A65,A73,1,A93,A103,1,A121,41,A143,A152,1,A173,1,A191,A202,1
A13,44,A32,A45,4383,A61,A73,4,A94,A101,3,A123,73,A143,A151,1,A173,1,A192,A201,1
A11,16,A34,A42,1368,A61,A73,4,A91,A102,1,A121,36,A141,A151,1,A173,1,A191,A201,2
A14,21,A32,A49,9307,A63,A75,3,A93,A101,1,A122,43,A143,A152,1,A172,1,A191,A201,1
A11,30,A30,A44,2571,A65,A72,2,A93,A101,2,A123,37,A143,A152,1,A174,2,A192,A201,1
A14,11,A30,A40,534,A65,A72,2,A92,A102,4,A123,30,A141,A151,1,A173,1,A191,A201,2
A11,13,A32,A410,2396,A63,A74,4,A93,A101,4,A123,36,A143,A152,1,A173,2,A192,A201,1
A11,21,A34,A40,5456,A64,A74,2,A94,A101,4,A123,35,A143,A151,1,A171,2,A191,A201,2
A14,24,A32,A40,2097,A65,A74,1,A91,A102,4,A124,37,A143,A152,3,A171,1,A191,A201,2
A14,26,A32,A43,4027,A61,A75,1,A92,A101,2,A124,52,A143,A152,2,A172,1,A191,A201,1
A12,20,A34,A43,3931,A61,A72,2,A93,A103,4,A124,75,A143,A152,1,A172,1,A191,A202,1
A12,15,A34,A41,11069,A61,A73,2,A93,A101,2,A122,42,A143,A152,1,A173,1,A192,A201,1
A13,15,A34,A46,11142,A62,A74,3,A93,A101,1,A122,31,A143,A152,2,A173,1,A191,A201,1
A14,13,A34,A43,2272,A64,A73,4,A94,A101,4,A123,35,A142,A152,1,A174,1,A191,A202,1
A14,19,A32,A42,3759,A65,A73,4,A91,A101,3,A123,31,A141,A151,3,A173,1,A192,A201,1
A12,18,A34,A45,2704,A65,A73,1,A93,A103,4,A124,46,A143,A152,1,A173,2,A191,A201,1
A13,63,A31,A410,4260,A62,A72,4,A94,A101,4,A124,51,A143,A152,1,A173,1,A191,A201,1
A14,17,A34,A45,2692,A65,A73,4,A92,A103,2,A123,70,A143,A152,1,A171,1,A191,A202,1
A14,8,A32,A48,1224,A61,A74,4,A91,A101,2,A121,43,A143,A152,1,A173,1,A192,A202,2
A14,26,A34,A44,3095,A61,A73,1,A92,A101,3,A124,33,A141,A152,2,A174,1,A191,A201,2
A12,15,A34,A48,3277,A61,A72,2,A92,A101,1,A123,50,A143,A152,2,A173,1,A191,A201,1
A14,53,A33,A46,5442,A65,A74,2,A91,A101,3,A121,39,A142,A153,1,A173,1,A192,A201,1
A14,18,A32,A40,14513,A61,A73,4,A94,A101,4,A122,47,A143,A152,3,A173,1,A191,A202,1
A12,26,A33,A410,4046,A62,A73,4,A93,A101,4,A123,28,A143,A151,2,A173,1,A191,A201,1
A11,39,A33,A43,8734,A65,A74,4,A93,A101,4,A123,60,A143,A151,3,A174,2,A191,A201,2
A14,22,A33,A48,5293,A61,A74,1,A92,A101,4,A122,30,A141,A152,2,A173,1,A192,A201,1
A11,26,A32,A43,3770,A61,A75,4,A92,A103,2,A121,35,A143,A152,3,A173,1,A191,A201,2
A11,42,A34,A43,2581,A61,A71,1,A94,A103,1,A123,56,A141,A153,1,A174,1,A191,A201,1
A11,15,A31,A40,1470,A61,A72,4,A92,A101,2,A124,40,A141,A152,1,A173,1,A191,A201,1
A14,52,A34,A40,2435,A64,A71,3,A92,A101,4,A124,29,A141,A152,2,A172,1,A191,A202,1
A14,60,A32,A45,5877,A61,A71,3,A93,A101,2,A124,28,A143,A151,2,A173,1,A191,A201,1
A14,16,A32,A43,15191,A65,A75,1,A92,A102,4,A121,44,A143,A153,1,A173,1,A192,A201,2
A13,20,A34,A49,2810,A63,A73,2,A93,A101,4,A121,26,A143,A152,2,A173,1,A191,A201,1
A11,23,A30,A45,13086,A65,A71,2,A93,A101,4,A123,40,A143,A151,2,A173,1,A191,A202,1
A12,20,A30,A40,2369,A61,A75,3,A92,A102,2,A121,30,A143,A151,2,A172,1,A191,A201,1
A11,67,A34,A42,5637,A61,A74,1,A93,A101,4,A121,41,A141,A152,1,A173,1,A191,A201,2
A14,62,A34,A43,18154,A63,A75,4,A92,A101,2,A123,51,A143,A151,1,A173,1,A192,A201,1
A11,20,A32,A43,3044,A65,A75,2,A93,A101,4,A123,33,A142,A151,1,A174,1,A191,A201,1
A14,52,A34,A45,1940,A61,A75,2,A92,A101,4,A124,30,A141,A153,1,A173,2,A191,A201,1
A12,5,A34,A40,1947,A65,A73,4,A93,A101,2,A123,27,A141,A152,1,A171,2,A191,A201,1
A12,23,A34,A40,1001,A61,A74,3,A91,A101,2,A124,45,A143,A152,1,A171,1,A191,A201,1
A11,18,A32,A40,3645,A64,A71,2,A94,A101,2,A123,34,A142,A152,1,A173,1,A191,A202,1
A13,26,A34,A40,762,A64,A75,1,A93,A101,4,A124,41,A142,A151,1,A173,2,A191,A201,1
A11,59,A33,A49,11800,A61,A73,1,A92,A101,1,A123,27,A143,A152,1,A173,1,A191,A201,1
A11,17,A30,A41,5433,A62,A75,4,A92,A101,2,A121,43,A143,A152,2,A173,1,A192,A201,1
A14,21,A32,A43,4424,A63,A74,1,A92,A101,4,A124,39,A142,A151,3,A172,2,A192,A201,1
A13,21,A30,A40,2177,A65,A73,3,A92,A101,1,A122,29,A143,A152,1,A173,1,A191,A202,1
A11,31,A31,A41,5021,A64,A75,2,A93,A101,3,A123,50,A142,A153,1,A171,1,A192,A202,1
A13,19,A30,A48,4372,A61,A73,1,A93,A101,2,A124,33,A143,A153,4,A173,2,A191,A201,1
A11,25,A32,A42,1924,A61,A74,4,A92,A102,1,A123,72,A143,A153,1,A173,2,A192,A201,2
A13,15,A33,A42,2847,A61,A73,2,A93,A101,4,A123,33,A141,A152,3,A174,1,A191,A201,1
A14,26,A34,A43,5538,A63,A75,4,A93,A101,4,A123,42,A143,A152,1,A173,1,A192,A201,2
A14,72,A32,A42,5040,A61,A74,3,A93,A101,3,A122,32,A143,A152,1,A173,1,A192,A201,1
A11,19,A33,A48,4116,A61,A71,2,A93,A101,4,A121,32,A143,A152,3,A172,1,A192,A201,1
A14,36,A32,A43,8033,A62,A72,1,A93,A101,4,A123,31,A142,A152,1,A173,1,A191,A201,2
A12,18,A32,A42,1821,A61,A73,3,A92,A101,1,A123,26,A143,A152,2,A171,1,A191,A201,1
A12,17,A32,A410,2629,A65,A73,1,A92,A101,2,A123,39,A143,A152,1,A172,1,A192,A201,1
A12,7,A31,A45,2145,A61,A72,3,A93,A103,1,A121,28,A143,A152,3,A173,1,A191,A201,1
A13,17,A32,A41,3756,A61,A72,3,A93,A102,1,A122,43,A142,A151,1,A174,2,A191,A202,1
A12,40,A31,A410,18424,A61,A75,4,A93,A101,4,A123,45,A141,A151,2,A173,1,A191,A201,1
A12,17,A32,A40,6499,A64,A74,4,A91,A101,3,A122,28,A141,A152,2,A174,1,A192,A201,1
A14,62,A34,A41,2118,A61,A74,2,A93,A103,4,A121,46,A143,A152,2,A171,1,A191,A201,1
A14,22,A33,A46,2609,A61,A74,4,A91,A103,2,A123,39,A143,A152,1,A173,1,A192,A201,1
A13,15,A34,A48,1111,A61,A75,4,A92,A102,4,A121,34,A142,A152,1,A174,1,A191,A201,1
A14,20,A31,A42,4772,A62,A71,2,A93,A101,4,A121,36,A143,A152,1,A173,1,A192,A201,1
A12,13,A30,A43,2827,A63,A72,3,A94,A101,1,A124,34,A143,A152,1,A172,1,A191,A201,1
A14,15,A31,A40,2865,A65,A75,3,A94,A101,4,A123,41,A143,A152,1,A173,2,A192,A201,2
A11,23,A32,A44,17750,A65,A74,1,A93,A101,2,A124,37,A143,A151,4,A173,1,A191,A201,2
A12,21,A32,A410,4194,A61,A73,2,A93,A102,2,A122,48,A143,A151,3,A172,2,A191,A201,2
A11,71,A32,A46,1719,A62,A73,4,A93,A101,4,A121,25,A143,A152,2,A173,1,A191,A202,1
A12,27,A32,A46,2041,A63,A75,2,A93,A101,4,A123,29,A143,A153,2,A171,2,A192,A201,1
A11,24,A33,A46,4154,A61,A75,1,A93,A102,4,A124,65,A142,A151,3,A173,2,A192,A201,1
A11,45,A32,A49,12158,A61,A74,1,A91,A101,1,A122,28,A142,A152,1,A171,1,A191,A201,2
A14,23,A34,A43,3688,A61,A71,2,A93,A101,4,A124,33,A143,A151,3,A174,1,A192,A201,1
A14,17,A32,A45,2269,A61,A74,1,A93,A103,2,A123,56,A143,A152,2,A173,1,A191,A201,1
A14,10,A30,A40,2774,A61,A75,4,A94,A101,2,A123,43,A143,A152,1,A174,1,A192,A202,1
A11,26,A34,A44,18424,A61,A75,1,A93,A103,3,A123,75,A142,A152,4,A173,1,A192,A201,1
A13,54,A32,A48,2621,A61,A74,2,A93,A103,2,A122,30,A143,A151,1,A171,1,A192,A201,1
A14,18,A32,A43,1666,A65,A75,4,A92,A101,2,A121,30,A143,A152,2,A173,2,A191,A201,1
A14,13,A31,A43,3390,A61,A71,2,A93,A101,3,A121,41,A143,A153,1,A171,1,A191,A201,1
A14,24,A32,A45,5466,A62,A72,4,A93,A102,2,A123,27,A143,A151,1,A173,1,A191,A201,1
A11,17,A33,A410,1966,A61,A73,1,A94,A103,4,A122,23,A143,A152,1,A173,1,A191,A201,1
A14,15,A34,A43,2529,A62,A75,1,A92,A101,2,A124,34,A143,A152,1,A173,1,A191,A202,1
A11,17,A32,A42,4943,A65,A72,1,A93,A101,2,A122,24,A143,A152,1,A171,1,A191,A201,1
A12,15,A34,A41,17590,A65,A72,4,A93,A103,2,A121,41,A143,A152,3,A172,1,A192,A201,1
A14,25,A30,A40,2147,A61,A72,3,A93,A101,1,A124,32,A143,A151,3,A174,2,A191,A201,1
A14,13,A31,A48,2022,A61,A73,2,A93,A102,4,A122,45,A143,A151,1,A172,1,A192,A202,2
A12,21,A32,A49,3902,A63,A75,3,A93,A103,1,A123,44,A143,A151,3,A173,2,A192,A201,1
A14,24,A34,A43,4313,A62,A73,4,A93,A103,2,A122,33,A142,A152,1,A172,1,A191,A202,1
A11,68,A32,A46,2557,A61,A73,1,A91,A103,4,A123,49,A142,A153,1,A172,1,A192,A202,2
A14,5,A34,A44,2749,A61,A72,4,A93,A101,2,A124,75,A143,A152,1,A172,1,A191,A201,1
A14,21,A34,A49,5434,A65,A72,4,A93,A101,2,A124,50,A143,A153,2,A172,1,A192,A201,2
A11,18,A32,A43,2226,A62,A73,2,A93,A101,3,A123,38,A143,A152,1,A173,1,A191,A201,1
A12,66,A32,A40,2330,A65,A73,3,A93,A101,2,A122,57,A141,A151,1,A174,1,A191,A201,1
A11,18,A34,A49,1573,A61,A75,1,A93,A102,2,A123,31,A143,A151,2,A174,1,A191,A201,2
A14,22,A33,A42,1742,A62,A75,1,A93,A102,4,A124,35,A143,A153,1,A173,1,A192,A202,1
A14,16,A34,A40,18424,A63,A72,4,A92,A101,4,A124,32,A141,A152,1,A172,1,A191,A201,1
A14,15,A33,A43,2142,A61,A73,4,A93,A101,4,A123,63,A142,A153,2,A174,1,A191,A202,1
A12,16,A33,A44,18424,A61,A72,1,A91,A103,4,A123,23,A143,A152,2,A172,1,A191,A201,1
A12,21,A32,A40,3912,A62,A75,2,A93,A101,4,A123,63,A142,A152,2,A174,1,A191,A202,2
A13,39,A34,A45,3881,A65,A75,3,A91,A103,4,A123,26,A142,A152,3,A174,1,A191,A201,2
A11,17,A34,A49,4723,A61,A74,3,A92,A103,3,A124,48,A143,A151,1,A171,1,A191,A202,1
A14,22,A34,A40,2869,A61,A72,4,A92,A101,4,A123,51,A143,A152,1,A173,1,A191,A201,1
A14,20,A34,A45,1301,A61,A74,4,A93,A101,4,A121,41,A143,A153,3,A174,1,A192,A201,1
A12,16,A32,A45,5178,A64,A71,2,A92,A101,3,A123,50,A143,A152,2,A174,1,A192,A201,1
A13,27,A34,A49,1585,A65,A73,2,A91,A101,2,A124,34,A143,A152,1,A173,1,A191,A201,2
A14,16,A34,A49,2104,A63,A74,2,A93,A101,4,A121,52,A143,A151,1,A173,1,A191,A201,1
A14,19,A34,A410,5519,A63,A74,4,A93,A101,4,A123,27,A142,A152,2,A173,1,A191,A201,1
A11,13,A30,A46,2016,A61,A73,3,A93,A101,4,A123,42,A141,A152,4,A173,1,A192,A202,1
A14,20,A33,A40,1932,A64,A74,1,A93,A101,4,A121,42,A143,A153,3,A172,1,A191,A201,2
A12,22,A34,A410,2224,A64,A73,4,A93,A103,4,A121,34,A141,A152,2,A173,1,A191,A201,1
A12,45,A32,A43,1849,A61,A71,4,A91,A101,1,A123,26,A142,A153,2,A173,1,A192,A202,1
A11,21,A31,A41,5639,A62,A73,3,A92,A101,2,A124,28,A143,A152,3,A171,1,A192,A201,1
A12,66,A30,A48,11947,A61,A73,4,A92,A101,4,A122,43,A142,A153,3,A173,1,A191,A202,1
A12,41,A34,A42,1236,A65,A74,4,A92,A103,4,A123,45,A143,A152,1,A172,1,A191,A201,1
A12,20,A32,A410,4125,A61,A75,2,A92,A101,2,A121,30,A142,A152,1,A173,1,A191,A201,1
A14,31,A31,A44,2043,A63,A73,4,A94,A101,3,A121,31,A143,A153,3,A174,1,A191,A201,1
A14,10,A34,A43,2042,A61,A75,4,A93,A101,4,A121,33,A142,A151,2,A173,1,A192,A202,1
A14,16,A31,A42,4490,A61,A71,4,A94,A101,2,A121,26,A142,A152,1,A173,1,A191,A201,1
A13,26,A31,A44,4995,A61,A72,4,A92,A101,1,A123,35,A141,A152,1,A173,2,A191,A201,1
A12,16,A32,A42,2281,A65,A75,2,A91,A101,3,A123,75,A141,A151,3,A174,2,A191,A201,1
A13,25,A30,A45,6347,A61,A72,2,A93,A101,1,A122,37,A143,A152,1,A173,1,A191,A201,1
A12,37,A31,A410,8264,A65,A73,4,A93,A101,4,A124,31,A141,A152,1,A172,2,A191,A201,1
A13,36,A32,A410,2182,A61,A71,2,A93,A101,3,A123,33,A143,A152,1,A173,1,A191,A201,1
A14,17,A33,A40,14272,A61,A74,3,A91,A102,4,A121,34,A143,A152,1,A173,1,A192,A201,1
A11,25,A34,A42,2440,A61,A73,2,A91,A103,4,A124,29,A142,A151,4,A173,2,A191,A201,1
A11,17,A34,A45,1221,A61,A71,2,A92,A101,1,A123,30,A141,A152,2,A172,1,A192,A201,1
A14,22,A34,A43,4961,A61,A73,4,A92,A101,4,A123,27,A142,A152,1,A174,1,A191,A201,1
A12,38,A32,A43,2473,A65,A71,2,A92,A101,4,A121,32,A143,A153,3,A172,1,A191,A201,1
A11,19,A33,A40,2406,A65,A74,2,A92,A101,4,A121,38,A142,A152,2,A174,1,A191,A201,2
A13,10,A32,A40,2074,A61,A74,4,A92,A101,3,A123,27,A142,A152,2,A172,1,A191,A201,2
A11,19,A32,A45,1141,A61,A75,3,A93,A103,4,A124,39,A143,A153,1,A171,1,A191,A201,1
A14,27,A32,A410,2420,A61,A74,1,A91,A101,2,A124,22,A143,A152,2,A172,2,A192,A201,2
A13,13,A32,A42,4996,A65,A71,2,A93,A101,3,A121,30,A143,A153,1,A174,2,A191,A201,1
A14,20,A32,A43,13897,A61,A71,4,A94,A103,4,A124,28,A143,A152,1,A172,1,A191,A201,1
A14,59,A32,A40,4739,A64,A74,4,A93,A101,3,A123,75,A143,A152,4,A172,1,A191,A201,2
A12,20,A32,A42,4275,A65,A71,2,A93,A101,2,A123,27,A143,A151,1,A172,1,A192,A201,2
A11,19,A32,A40,2404,A61,A73,4,A93,A101,2,A121,36,A143,A152,1,A172,1,A192,A202,2
A14,71,A34,A42,793,A61,A73,4,A94,A101,3,A121,45,A143,A153,1,A174,2,A192,A201,1
A13,17,A32,A40,2475,A61,A72,1,A93,A101,4,A124,30,A141,A153,2,A173,1,A192,A201,1
A12,21,A34,A410,5137,A65,A71,4,A92,A101,4,A123,37,A143,A152,3,A171,1,A191,A201,2
A12,23,A32,A43,2335,A61,A75,2,A93,A101,3,A123,33,A143,A152,1,A174,2,A191,A201,1
A12,18,A32,A41,2621,A61,A75,2,A94,A103,3,A123,34,A142,A152,1,A174,2,A192,A201,2
A13,66,A32,A46,2425,A61,A74,2,A93,A101,2,A124,27,A141,A153,1,A171,1,A192,A201,1
A12,42,A30,A43,2212,A63,A74,2,A94,A101,4,A123,32,A143,A151,3,A174,2,A192,A201,2
A14,14,A31,A48,5588,A61,A73,4,A92,A103,4,A121,66,A142,A153,2,A174,1,A192,A201,1
A11,21,A32,A49,3064,A62,A74,3,A93,A101,4,A122,22,A143,A153,1,A174,1,A191,A201,1
A11,10,A34,A46,18424,A61,A75,4,A91,A103,4,A121,32,A143,A152,1,A173,1,A191,A201,2
A12,14,A33,A46,6911,A61,A75,1,A94,A101,2,A124,43,A141,A152,1,A172,1,A192,A201,2
A12,18,A32,A43,18424,A61,A73,4,A92,A101,2,A123,24,A141,A152,1,A171,1,A192,A201,1
A13,57,A32,A41,2276,A61,A74,4,A92,A101,4,A122,26,A143,A152,2,A174,1,A191,A201,2
A11,18,A32,A41,5730,A62,A73,2,A93,A101,4,A123,33,A141,A152,1,A172,1,A191,A201,1
A14,14,A32,A46,7874,A61,A73,4,A93,A103,3,A122,47,A143,A152,4,A173,1,A191,A201,1
A13,27,A33,A410,4865,A61,A73,2,A92,A103,3,A124,58,A142,A152,1,A173,1,A192,A201,2
A12,32,A32,A41,3636,A61,A72,1,A93,A102,2,A122,42,A143,A152,1,A173,2,A191,A201,1
A14,8,A34,A43,3119,A63,A75,1,A91,A102,4,A123,27,A143,A153,1,A173,1,A192,A202,1
A12,13,A34,A45,3713,A61,A71,3,A93,A101,3,A124,40,A141,A152,4,A173,1,A191,A201,1
A14,26,A34,A43,7733,A61,A73,4,A93,A101,2,A122,29,A142,A152,1,A174,2,A191,A201,1
A12,23,A30,A43,4187,A65,A73,2,A92,A101,2,A123,29,A142,A152,2,A174,1,A191,A201,2
A12,12,A31,A42,3312,A61,A71,4,A93,A101,3,A123,45,A143,A153,3,A173,1,A192,A201,2
A14,13,A30,A46,12872,A61,A73,2,A92,A101,1,A121,31,A142,A152,4,A172,1,A192,A201,1
A11,25,A32,A40,2833,A62,A71,2,A93,A101,1,A124,32,A143,A153,3,A173,1,A192,A201,1
A14,12,A31,A49,4264,A61,A75,4,A93,A101,1,A124,44,A143,A152,2,A172,2,A191,A201,1
A14,16,A34,A43,4101,A62,A73,4,A94,A102,2,A123,32,A141,A152,1,A173,1,A191,A201,1
A11,24,A30,A49,833,A61,A75,4,A92,A101,2,A122,34,A143,A152,1,A172,1,A192,A201,1
A11,22,A32,A44,2528,A65,A75,1,A92,A101,4,A122,34,A141,A153,3,A174,1,A191,A202,1
A11,24,A34,A43,2507,A63,A75,2,A91,A103,2,A122,75,A143,A151,1,A173,1,A191,A201,1
A14,19,A34,A42,3014,A63,A73,4,A93,A101,2,A123,31,A143,A152,1,A173,2,A192,A202,1
A14,15,A34,A44,2430,A61,A73,2,A92,A101,4,A123,75,A143,A152,4,A173,1,A191,A201,1
A12,24,A30,A410,4665,A62,A71,2,A92,A101,2,A124,29,A141,A152,1,A172,1,A191,A201,2
A12,70,A32,A46,2649,A61,A72,2,A91,A101,4,A124,27,A143,A153,1,A174,2,A191,A201,1
A13,24,A34,A44,702,A61,A73,2,A93,A101,3,A123,34,A143,A152,2,A173,1,A191,A201,1
A14,39,A32,A49,2390,A61,A73,4,A91,A101,4,A123,44,A143,A153,2,A173,1,A191,A201,2
A11,22,A30,A45,10072,A62,A75,3,A92,A101,4,A121,30,A141,A151,1,A172,1,A192,A201,1
A14,14,A32,A410,4790,A61,A75,2,A94,A101,2,A123,37,A143,A153,2,A174,1,A191,A201,1
A14,15,A32,A42,2337,A62,A73,1,A94,A103,3,A123,28,A142,A151,3,A174,1,A192,A201,1
A14,13,A33,A45,2849,A62,A74,1,A93,A101,2,A123,34,A142,A152,4,A174,1,A192,A201,2
A12,39,A34,A43,1950,A61,A75,4,A92,A101,4,A124,33,A142,A153,2,A172,1,A191,A201,1
A14,19,A34,A40,3828,A61,A75,1,A93,A101,2,A122,42,A143,A152,2,A174,1,A192,A201,1
A11,36,A34,A42,2755,A65,A74,3,A92,A101,4,A122,75,A143,A152,1,A174,1,A191,A201,2
A14,20,A34,A43,2418,A64,A74,3,A93,A101,3,A123,32,A143,A151,2,A172,1,A191,A201,1
A12,35,A34,A45,15486,A61,A73,4,A93,A101,4,A123,27,A141,A152,1,A173,1,A192,A201,1
A12,12,A31,A42,11380,A61,A75,4,A93,A101,2,A123,26,A141,A153,1,A172,1,A191,A201,1
A14,27,A31,A43,18424,A65,A73,2,A93,A101,2,A123,32,A141,A152,3,A174,1,A191,A201,2
A11,20,A30,A42,2049,A61,A75,4,A93,A101,2,A123,33,A143,A152,1,A173,1,A192,A201,1
A14,14,A32,A44,2543,A61,A73,4,A91,A101,2,A121,29,A143,A153,1,A174,1,A192,A201,2
